-- phpMyAdmin SQL Dump
-- version 5.1.0
-- https://www.phpmyadmin.net/
--
-- Servidor: 127.0.0.1
-- Tiempo de generación: 14-07-2021 a las 22:11:07
-- Versión del servidor: 10.4.18-MariaDB
-- Versión de PHP: 8.0.3

SET SQL_MODE = "NO_AUTO_VALUE_ON_ZERO";
START TRANSACTION;
SET time_zone = "+00:00";


/*!40101 SET @OLD_CHARACTER_SET_CLIENT=@@CHARACTER_SET_CLIENT */;
/*!40101 SET @OLD_CHARACTER_SET_RESULTS=@@CHARACTER_SET_RESULTS */;
/*!40101 SET @OLD_COLLATION_CONNECTION=@@COLLATION_CONNECTION */;
/*!40101 SET NAMES utf8mb4 */;

--
-- Base de datos: `productos_nuevos_2019`
--

-- --------------------------------------------------------

--
-- Estructura de tabla para la tabla `reporte_usuario`
--

CREATE TABLE `reporte_usuario` (
  `id` int(11) NOT NULL,
  `usuario` text NOT NULL,
  `tipo_usuario` text NOT NULL,
  `fecha` date NOT NULL,
  `hora` time NOT NULL
) ENGINE=InnoDB DEFAULT CHARSET=latin1;

--
-- Volcado de datos para la tabla `reporte_usuario`
--

INSERT INTO `reporte_usuario` (`id`, `usuario`, `tipo_usuario`, `fecha`, `hora`) VALUES
(1, 'Miguel Erazo', 'administrador', '2018-03-13', '18:08:45'),
(4, 'Miguel Erazo', 'administrador', '2018-03-13', '21:03:00'),
(5, 'Santiago Cueva', 'administrador', '2018-03-13', '22:35:43'),
(6, 'Miguel Erazo', 'administrador', '2018-03-14', '09:36:57'),
(7, 'Miguel Erazo', 'administrador', '2018-03-14', '09:37:07'),
(8, 'Miguel Erazo', 'administrador', '2018-03-14', '13:53:02'),
(9, 'Miguel Erazo', 'administrador', '2018-03-14', '13:53:15'),
(10, 'Miguel Erazo', 'administrador', '2018-03-14', '13:59:36'),
(11, 'Miguel Erazo', 'administrador', '2018-03-14', '14:00:12'),
(12, 'Miguel Erazo', 'administrador', '2018-03-14', '14:04:44'),
(13, 'Alejandro Vaicilla', 'usuario', '2018-03-14', '16:56:39'),
(14, 'Alejandro Vaicilla', 'usuario', '2018-03-14', '16:56:53'),
(15, 'Alejandro Vaicilla', 'usuario', '2018-03-14', '16:59:16'),
(16, 'Alejandro Vaicilla', 'usuario', '2018-03-14', '16:59:32'),
(17, 'Alejandro Vaicilla', 'usuario', '2018-03-14', '17:00:38'),
(18, 'Miguel Erazo', 'administrador', '2018-03-14', '17:07:43'),
(19, 'Miguel Erazo', 'administrador', '2018-03-14', '17:08:04'),
(20, 'Miguel Erazo', 'administrador', '2018-03-15', '08:23:43'),
(21, 'Alejandro Vaicilla', 'usuario', '2018-03-15', '09:59:27'),
(22, 'Alejandro Vaicilla', 'usuario', '2018-03-15', '11:07:31'),
(23, 'Miguel Erazo', 'administrador', '2018-03-15', '11:10:26'),
(24, 'Alejandro Vaicilla', 'usuario', '2018-03-15', '11:14:37'),
(25, 'Esteban Segovia', 'usuario', '2018-03-15', '11:25:17'),
(26, 'Miguel Erazo', 'administrador', '2018-03-15', '12:09:04'),
(27, 'Miguel Erazo', 'administrador', '2018-03-15', '15:28:34'),
(28, 'Santiago Cueva', 'administrador', '2018-03-18', '22:31:16'),
(29, 'Diego Naranjo', 'usuario', '2018-03-21', '09:52:43'),
(30, 'Diego Naranjo', 'usuario', '2018-03-21', '10:25:54'),
(31, 'Leonidas Hernandez', 'usuario', '2018-03-23', '18:41:27'),
(32, 'Leonidas Hernandez', 'usuario', '2018-03-26', '11:05:02'),
(33, 'Esteban Segovia', 'usuario', '2018-03-28', '12:16:04'),
(34, 'Miguel Erazo', 'administrador', '2018-04-05', '12:19:38'),
(35, 'Miguel Erazo', 'administrador', '2018-04-05', '13:07:49'),
(36, 'Leonardo Espindola', 'usuario', '2018-04-09', '16:02:19'),
(37, 'Leonardo Espindola', 'usuario', '2018-04-09', '16:02:37'),
(38, 'Leonardo Espindola', 'usuario', '2018-04-09', '16:03:26'),
(39, 'Miguel Erazo', 'administrador', '2018-04-09', '16:05:44'),
(40, 'Leonardo Espindola', 'usuario', '2018-04-09', '16:15:06'),
(41, 'Leonardo Espindola', 'usuario', '2018-04-09', '16:28:45'),
(42, 'Miguel Erazo', 'administrador', '2018-04-09', '22:46:10'),
(43, 'Miguel Erazo', 'administrador', '2018-04-10', '11:34:46'),
(44, 'Miguel Erazo', 'administrador', '2018-04-10', '11:40:53'),
(45, 'Miguel Erazo', 'administrador', '2018-04-10', '11:42:56'),
(46, 'Norman Rivera', 'usuario', '2018-04-12', '16:17:25'),
(47, 'Miguel Erazo', 'administrador', '2018-04-12', '16:32:57'),
(48, 'Miguel Erazo', 'administrador', '2018-04-12', '16:33:45'),
(49, 'Leonardo Espindola', 'usuario', '2018-04-12', '16:40:53'),
(50, 'Alejandro Vaicilla', 'usuario', '2018-04-12', '16:47:41'),
(51, 'Miguel Erazo', 'administrador', '2018-04-12', '23:31:42'),
(52, 'Leonidas Hernandez', 'usuario', '2018-04-13', '10:02:45'),
(53, 'fernando alvarado', 'administrador', '2018-04-13', '10:09:54'),
(54, 'Miguel Erazo', 'administrador', '2018-04-13', '10:30:40'),
(55, 'Miguel Erazo', 'administrador', '2018-04-13', '10:35:36'),
(56, 'fernando alvarado', 'administrador', '2018-04-14', '11:11:35'),
(57, 'Miguel Erazo', 'administrador', '2018-04-16', '11:07:00'),
(58, 'Alejandro Vaicilla', 'usuario', '2018-04-16', '11:07:14'),
(59, 'Alejandro Vaicilla', 'usuario', '2018-04-16', '11:13:29'),
(60, 'Alejandro Vaicilla', 'usuario', '2018-04-16', '11:14:26'),
(61, 'Miguel Erazo', 'administrador', '2018-05-04', '15:34:27'),
(62, 'Miguel Erazo', 'administrador', '2018-05-04', '15:45:37'),
(63, 'Miguel Erazo', 'administrador', '2018-05-04', '15:46:04'),
(64, 'Miguel Erazo', 'administrador', '2018-05-04', '15:48:22'),
(65, 'Alejandro Vaicilla', 'usuario', '2018-05-04', '16:04:17'),
(66, 'Alejandro Vaicilla', 'usuario', '2018-05-04', '16:04:57'),
(67, 'Alejandro Vaicilla', 'usuario', '2018-05-04', '16:20:03'),
(68, 'Miguel Erazo', 'administrador', '2018-05-08', '10:59:02'),
(69, 'Miguel Erazo', 'administrador', '2018-05-08', '11:11:11'),
(70, 'Miguel Erazo', 'administrador', '2018-05-08', '12:05:50'),
(71, 'Miguel Erazo', 'administrador', '2018-05-10', '08:35:29'),
(72, 'Norman Rivera', 'usuario', '2018-05-10', '13:50:21'),
(73, 'Norman Rivera', 'usuario', '2018-05-11', '08:17:24'),
(74, 'Norman Rivera', 'usuario', '2018-05-11', '08:20:59'),
(75, 'Miguel Erazo', 'administrador', '2018-05-16', '09:43:15'),
(76, 'Miguel Erazo', 'administrador', '2018-05-16', '09:43:16'),
(77, 'Miguel Erazo', 'administrador', '2018-05-16', '09:46:18'),
(78, 'Miguel Erazo', 'administrador', '2018-05-16', '10:00:55'),
(79, 'Miguel Erazo', 'administrador', '2018-05-28', '11:45:53'),
(80, 'Wilberth Cilio', 'usuario', '2018-05-29', '12:44:00'),
(81, 'Wilberth Cilio', 'usuario', '2018-05-29', '13:16:43'),
(82, 'Wilberth Cilio', 'usuario', '2018-05-29', '13:16:45'),
(83, 'Wilberth Cilio', 'usuario', '2018-05-29', '13:16:54'),
(84, 'Wilberth Cilio', 'usuario', '2018-05-29', '13:17:08'),
(85, 'Wilberth Cilio', 'usuario', '2018-05-29', '13:18:13'),
(86, 'Wilberth Cilio', 'usuario', '2018-05-29', '15:06:55'),
(87, 'Miguel Erazo', 'administrador', '2018-05-31', '12:26:22'),
(88, 'Miguel Erazo', 'administrador', '2018-05-31', '13:35:30'),
(89, 'Miguel Erazo', 'administrador', '2018-06-05', '14:03:37'),
(90, 'Alejandro Vaicilla', 'usuario', '2018-06-05', '16:37:47'),
(91, 'Miguel Erazo', 'administrador', '2018-06-05', '16:40:20'),
(92, 'Miguel Erazo', 'administrador', '2018-06-06', '09:28:05'),
(93, 'Miguel Erazo', 'administrador', '2018-06-06', '09:28:10'),
(94, 'Miguel Erazo', 'administrador', '2018-06-06', '09:28:10'),
(95, 'Miguel Erazo', 'administrador', '2018-06-06', '11:44:21'),
(96, 'Alejandro Vaicilla', 'usuario', '2018-06-06', '15:55:36'),
(97, 'Santiago Cueva', 'administrador', '2018-06-11', '12:43:52'),
(98, 'Leonidas Hernandez', 'usuario', '2018-06-11', '12:44:02'),
(101, 'Santiago Valle', 'usuario', '2018-06-11', '12:50:33'),
(102, 'Hans Palma', 'usuario', '2018-06-11', '12:59:43'),
(107, 'Milton Mena', 'usuario', '2018-06-11', '13:13:55'),
(111, 'Leonardo Espindola', 'usuario', '2018-06-11', '13:20:40'),
(112, 'Hans Palma', 'usuario', '2018-06-11', '13:20:51'),
(113, 'Miguel Erazo', 'administrador', '2018-06-11', '13:22:56'),
(115, 'Miguel Erazo', 'administrador', '2018-06-11', '13:31:59'),
(116, 'Norman Rivera', 'usuario', '2018-06-11', '13:35:00'),
(117, 'Norman Rivera', 'usuario', '2018-06-11', '14:04:17'),
(118, 'Milton Mena', 'usuario', '2018-06-11', '14:30:52'),
(119, 'Ximena Vasquez', 'usuario', '2018-06-11', '20:45:30'),
(124, 'Ximena Vasquez', 'usuario', '2018-06-11', '20:49:33'),
(125, 'Hans Palma', 'usuario', '2018-06-12', '08:18:45'),
(126, 'Wilberth Cilio', 'usuario', '2018-06-12', '08:52:03'),
(127, 'Leonidas Hernandez', 'usuario', '2018-06-12', '09:56:54'),
(128, 'Miguel Erazo', 'administrador', '2018-06-12', '11:22:45'),
(129, 'Miguel Erazo', 'administrador', '2018-06-12', '11:22:45'),
(130, 'Wilberth Cilio', 'usuario', '2018-06-12', '11:36:34'),
(133, 'Santiago Valle', 'usuario', '2018-06-12', '19:57:04'),
(134, 'Esteban Segovia', 'usuario', '2018-06-13', '20:46:13'),
(135, 'Esteban Segovia', 'usuario', '2018-06-14', '08:32:15'),
(136, 'Esteban Segovia', 'usuario', '2018-06-14', '08:38:59'),
(138, 'Leonardo Espindola', 'usuario', '2018-06-15', '12:33:43'),
(139, 'Leonardo Espindola', 'usuario', '2018-06-18', '14:30:34'),
(140, 'Hans Palma', 'usuario', '2018-06-18', '14:41:25'),
(141, 'Miguel Erazo', 'administrador', '2018-06-18', '15:33:34'),
(142, 'Hans Palma', 'usuario', '2018-06-18', '15:36:15'),
(143, 'Alexis Montalvo', 'usuario', '2018-06-18', '15:37:19'),
(144, 'Wilberth Cilio', 'usuario', '2018-06-18', '15:39:46'),
(145, 'Santiago Valle', 'usuario', '2018-06-18', '15:49:09'),
(146, 'Hans Palma', 'usuario', '2018-06-18', '16:18:02'),
(147, 'Milton Mena', 'usuario', '2018-06-18', '17:03:16'),
(148, 'Milton Mena', 'usuario', '2018-06-18', '17:06:28'),
(149, 'Santiago Valle', 'usuario', '2018-06-18', '17:07:13'),
(150, 'Milton Mena', 'usuario', '2018-06-18', '17:25:54'),
(151, 'Hans Palma', 'usuario', '2018-06-18', '17:30:17'),
(152, 'Milton Mena', 'usuario', '2018-06-18', '17:55:50'),
(153, 'Hans Palma', 'usuario', '2018-06-18', '18:06:04'),
(154, 'Hans Palma', 'usuario', '2018-06-18', '18:22:01'),
(155, 'Santiago Valle', 'usuario', '2018-06-18', '19:12:53'),
(156, 'Esteban Segovia', 'usuario', '2018-06-18', '21:29:04'),
(157, 'Santiago Valle', 'usuario', '2018-06-19', '13:04:46'),
(158, 'Santiago Valle', 'usuario', '2018-06-19', '14:21:03'),
(159, 'Santiago Valle', 'usuario', '2018-06-19', '14:32:13'),
(160, 'Esteban Segovia', 'usuario', '2018-06-19', '22:14:53'),
(161, 'Santiago Valle', 'usuario', '2018-06-20', '13:41:49'),
(162, 'Miguel Erazo', 'administrador', '2018-06-21', '08:38:26'),
(163, 'Xavier Peralvo', 'usuario', '2018-06-21', '09:11:56'),
(164, 'Santiago Valle', 'usuario', '2018-06-21', '09:14:43'),
(165, 'Esteban Segovia', 'usuario', '2018-06-21', '20:49:09'),
(166, 'Santiago Valle', 'usuario', '2018-06-25', '08:49:29'),
(167, 'Esteban Segovia', 'usuario', '2018-06-25', '12:40:39'),
(170, 'Norman Rivera', 'usuario', '2018-06-25', '16:03:05'),
(172, 'Dianey Ramos', 'usuario', '2018-06-25', '17:31:34'),
(173, 'Leonardo Espindola', 'usuario', '2018-06-27', '10:47:02'),
(174, 'Santiago Valle', 'usuario', '2018-06-28', '09:18:22'),
(175, 'Esteban Segovia', 'usuario', '2018-06-29', '11:20:57'),
(176, 'Esteban Segovia', 'usuario', '2018-06-29', '12:14:46'),
(177, 'Santiago Valle', 'usuario', '2018-07-02', '07:19:18'),
(178, 'Norman Rivera', 'usuario', '2018-07-02', '13:18:20'),
(179, 'Santiago Valle', 'usuario', '2018-07-03', '17:26:38'),
(180, 'Esteban Segovia', 'usuario', '2018-07-04', '20:24:53'),
(181, 'Hans Palma', 'usuario', '2018-07-05', '09:47:29'),
(182, 'Esteban Segovia', 'usuario', '2018-07-05', '17:08:09'),
(183, 'Santiago Valle', 'usuario', '2018-07-05', '19:49:36'),
(184, 'Leonidas Hernandez', 'usuario', '2018-07-05', '22:48:56'),
(185, 'Miguel Erazo', 'administrador', '2018-07-09', '10:32:08'),
(186, 'Miguel Erazo', 'administrador', '2018-07-09', '16:46:24'),
(187, 'Miguel Erazo', 'administrador', '2018-07-09', '16:46:45'),
(188, 'Miguel Erazo', 'administrador', '2018-07-09', '16:53:20'),
(189, 'Hans Palma', 'usuario', '2018-07-09', '17:00:15'),
(190, 'Esteban Segovia', 'usuario', '2018-07-09', '19:56:42'),
(191, 'Miguel Erazo', 'administrador', '2018-07-10', '10:59:06'),
(192, 'Leonardo Espindola', 'usuario', '2018-07-10', '21:42:33'),
(193, 'Miguel Erazo', 'administrador', '2018-07-11', '15:55:35'),
(194, 'Santiago Valle', 'usuario', '2018-07-14', '12:19:14'),
(195, 'Miguel Erazo', 'administrador', '2018-07-16', '08:52:37'),
(196, 'Esteban Segovia', 'usuario', '2018-07-16', '09:22:28'),
(197, 'Santiago Valle', 'usuario', '2018-07-16', '13:33:01'),
(198, 'Norman Rivera', 'usuario', '2018-07-17', '14:22:44'),
(199, 'Norman Rivera', 'usuario', '2018-07-17', '14:23:45'),
(200, 'Leonardo Espindola', 'usuario', '2018-07-17', '15:24:16'),
(201, 'Santiago Valle', 'usuario', '2018-07-18', '16:59:41'),
(202, 'Wilberth Cilio', 'usuario', '2018-07-19', '08:25:27'),
(203, 'Ximena Vasquez', 'usuario', '2018-07-22', '19:07:21'),
(204, 'Miguel Erazo', 'administrador', '2018-07-23', '09:26:37'),
(205, 'Esteban Segovia', 'usuario', '2018-07-23', '09:45:24'),
(206, 'Leonardo Espindola', 'usuario', '2018-07-23', '13:27:50'),
(207, 'Diego Naranjo', 'usuario', '2018-07-24', '11:55:36'),
(208, 'Santiago Cueva', 'administrador', '2018-07-24', '23:56:28'),
(209, 'Santiago Cueva', 'administrador', '2018-07-25', '00:04:18'),
(210, 'Santiago Cueva', 'administrador', '2018-07-25', '00:06:22'),
(211, 'Santiago Valle', 'usuario', '2018-07-25', '07:12:58'),
(212, 'Esteban Segovia', 'usuario', '2018-07-25', '09:10:01'),
(213, 'Leonardo Espindola', 'usuario', '2018-07-25', '12:24:47'),
(214, 'Esteban Segovia', 'usuario', '2018-07-27', '09:30:51'),
(215, 'Santiago Cueva', 'administrador', '2018-07-27', '15:50:40'),
(216, 'Santiago Cueva', 'administrador', '2018-07-27', '15:54:06'),
(217, 'Santiago Cueva', 'administrador', '2018-07-27', '15:58:30'),
(218, 'Santiago Valle', 'usuario', '2018-07-29', '10:23:03'),
(219, 'Santiago Valle', 'usuario', '2018-07-30', '10:08:12'),
(220, 'Wilberth Cilio', 'usuario', '2018-07-30', '10:36:45'),
(221, 'Santiago Valle', 'usuario', '2018-08-01', '12:23:51'),
(222, 'Hans Palma', 'usuario', '2018-08-02', '12:22:30'),
(223, 'Santiago Cueva', 'administrador', '2018-08-02', '12:38:01'),
(224, 'Santiago Cueva', 'administrador', '2018-08-02', '12:50:40'),
(225, 'Miguel Erazo', 'administrador', '2018-08-02', '16:51:18'),
(226, 'Alejandro Vaicilla', 'usuario', '2018-08-02', '16:52:08'),
(227, 'Leonardo Espindola', 'usuario', '2018-08-02', '16:57:17'),
(228, 'Juan Carlos Durango', 'usuario', '2018-08-02', '17:03:18'),
(229, 'Juan Carlos Durango', 'usuario', '2018-08-02', '17:06:23'),
(230, 'Norman Rivera', 'usuario', '2018-08-02', '17:34:13'),
(231, 'Santiago Valle', 'usuario', '2018-08-03', '08:33:53'),
(232, 'Wilberth Cilio', 'usuario', '2018-08-06', '08:52:46'),
(233, 'Santiago Valle', 'usuario', '2018-08-06', '16:36:19'),
(234, 'Leonardo Espindola', 'usuario', '2018-08-09', '11:48:16'),
(235, 'Ximena Vasquez', 'usuario', '2018-08-12', '16:57:35'),
(236, 'Santiago Valle', 'usuario', '2018-08-12', '21:12:13'),
(237, 'Ximena Vasquez', 'usuario', '2018-08-13', '11:45:09'),
(238, 'Ximena Vasquez', 'usuario', '2018-08-13', '12:40:04'),
(239, 'Ximena Vasquez', 'usuario', '2018-08-13', '13:44:56'),
(240, 'Ximena Vasquez', 'usuario', '2018-08-13', '14:54:16'),
(241, 'Esteban Segovia', 'usuario', '2018-08-15', '11:41:36'),
(242, 'Esteban Segovia', 'usuario', '2018-08-16', '23:34:50'),
(243, 'Esteban Segovia', 'usuario', '2018-08-20', '09:34:57'),
(244, 'Miguel Erazo', 'administrador', '2018-08-20', '15:35:46'),
(245, 'Santiago Valle', 'usuario', '2018-08-21', '20:29:57'),
(246, 'Ximena Vasquez', 'usuario', '2018-08-22', '12:23:05'),
(247, 'Miguel Erazo', 'administrador', '2018-08-22', '12:30:08'),
(248, 'Ximena Vasquez', 'usuario', '2018-08-22', '16:18:20'),
(249, 'Esteban Segovia', 'usuario', '2018-08-27', '08:42:57'),
(250, 'Santiago Valle', 'usuario', '2018-08-27', '18:54:34'),
(251, 'Wilberth Cilio', 'usuario', '2018-08-28', '14:26:00'),
(252, 'Esteban Segovia', 'usuario', '2018-09-03', '10:24:55'),
(253, 'Esteban Segovia', 'usuario', '2018-09-03', '22:39:18'),
(254, 'Ximena Vasquez', 'usuario', '2018-09-04', '19:09:02'),
(255, 'Esteban Segovia', 'usuario', '2018-09-04', '21:07:11'),
(256, 'Miguel Erazo', 'administrador', '2018-09-05', '11:31:10'),
(257, 'Esteban Segovia', 'usuario', '2018-09-05', '22:07:27'),
(258, 'Miguel Erazo', 'administrador', '2018-09-06', '12:10:58'),
(259, 'Santiago Valle', 'usuario', '2018-09-10', '07:23:26'),
(260, 'Miguel Erazo', 'administrador', '2018-09-11', '16:51:23'),
(263, 'Hans Palma', 'usuario', '2018-09-12', '07:16:29'),
(264, 'Esteban Segovia', 'usuario', '2018-09-12', '12:13:51'),
(265, 'Diego Naranjo', 'usuario', '2018-09-12', '16:26:36'),
(266, 'Leonardo Espindola', 'usuario', '2018-09-12', '17:39:17'),
(267, 'Santiago Valle', 'usuario', '2018-09-13', '11:36:04'),
(268, 'Alejandro Vaicilla', 'usuario', '2018-09-13', '13:33:56'),
(269, 'Miguel Erazo', 'administrador', '2018-09-13', '13:54:29'),
(270, 'Alejandro Vaicilla', 'usuario', '2018-09-13', '15:40:16'),
(271, 'Esteban Segovia', 'usuario', '2018-09-13', '16:41:51'),
(272, 'Norman Rivera', 'usuario', '2018-09-17', '10:45:47'),
(273, 'Norman Rivera', 'usuario', '2018-09-17', '10:46:32'),
(275, 'Diego Naranjo', 'usuario', '2018-09-17', '11:39:41'),
(276, 'Diego Naranjo', 'usuario', '2018-09-17', '11:41:00'),
(277, 'Santiago Valle', 'usuario', '2018-09-17', '13:10:34'),
(278, 'Miguel Erazo', 'administrador', '2018-09-18', '12:18:26'),
(279, 'Alejandro Vaicilla', 'usuario', '2018-09-18', '12:20:12'),
(280, 'Esteban Segovia', 'usuario', '2018-09-18', '13:28:26'),
(281, 'Santiago Valle', 'usuario', '2018-09-19', '12:44:50'),
(282, 'Esteban Segovia', 'usuario', '2018-09-20', '19:03:53'),
(283, 'Wilberth Cilio', 'usuario', '2018-09-21', '13:41:44'),
(284, 'Esteban Segovia', 'usuario', '2018-09-24', '09:40:15'),
(285, 'Hans Palma', 'usuario', '2018-09-24', '10:05:34'),
(286, 'Ximena Vasquez', 'usuario', '2018-09-25', '22:09:19'),
(287, 'Santiago Cueva', 'administrador', '2018-09-26', '10:54:25'),
(288, 'Santiago Cueva', 'administrador', '2018-09-26', '11:42:34'),
(289, 'Santiago Cueva', 'administrador', '2018-09-26', '12:36:25'),
(290, 'Miguel Erazo', 'administrador', '2018-09-26', '16:20:01'),
(291, 'Esteban Segovia', 'usuario', '2018-09-26', '18:14:38'),
(292, 'Leonardo Espindola', 'usuario', '2018-09-26', '22:53:28'),
(293, 'Santiago Valle', 'usuario', '2018-09-27', '07:49:32'),
(294, 'Wilberth Cilio', 'usuario', '2018-09-27', '09:50:00'),
(295, 'Miguel Erazo', 'administrador', '2018-09-27', '10:16:04'),
(296, 'Santiago Valle', 'usuario', '2018-09-27', '10:16:48'),
(297, 'Diego Naranjo', 'usuario', '2018-09-27', '10:19:16'),
(298, 'Leonidas Hernandez', 'usuario', '2018-09-27', '10:19:36'),
(299, 'Leonardo Espindola', 'usuario', '2018-09-27', '10:19:42'),
(300, 'Hans Palma', 'usuario', '2018-09-27', '10:46:27'),
(301, 'Leonardo Espindola', 'usuario', '2018-09-27', '16:58:00'),
(302, 'Santiago Valle', 'usuario', '2018-09-27', '17:21:04'),
(305, 'Ximena Vasquez', 'usuario', '2018-10-01', '08:51:55'),
(306, 'Esteban Segovia', 'usuario', '2018-10-01', '15:01:26'),
(307, 'Esteban Segovia', 'usuario', '2018-10-05', '09:30:02'),
(308, 'Ximena Vasquez', 'usuario', '2018-10-05', '13:01:25'),
(309, 'Esteban Segovia', 'usuario', '2018-10-09', '20:12:40'),
(310, 'Esteban Segovia', 'usuario', '2018-10-11', '08:45:05'),
(311, 'Miguel Erazo', 'administrador', '2018-10-11', '16:16:33'),
(312, 'Miguel Erazo', 'administrador', '2018-10-11', '16:48:15'),
(313, 'Miguel Erazo', 'administrador', '2018-10-11', '16:48:31'),
(314, 'Hans Palma', 'usuario', '2018-10-11', '17:10:22'),
(315, 'Wilberth Cilio', 'usuario', '2018-10-12', '11:11:21'),
(316, 'Leonardo Espindola', 'usuario', '2018-10-12', '20:31:56'),
(317, 'Ximena Vasquez', 'usuario', '2018-10-14', '12:06:22'),
(318, 'Esteban Segovia', 'usuario', '2018-10-14', '21:45:48'),
(319, 'Esteban Segovia', 'usuario', '2018-10-15', '21:03:01'),
(322, 'Miguel Erazo', 'administrador', '2018-10-17', '10:00:28'),
(323, 'Esteban Segovia', 'usuario', '2018-10-19', '16:24:50'),
(324, 'Hans Palma', 'usuario', '2018-10-24', '05:26:39'),
(325, 'Wilberth Cilio', 'usuario', '2018-10-25', '11:43:33'),
(326, 'Esteban Segovia', 'usuario', '2018-10-27', '12:28:27'),
(327, 'Hans Palma', 'usuario', '2018-10-30', '09:24:07'),
(328, 'Ximena Vasquez', 'usuario', '2018-11-05', '00:02:10'),
(329, 'Ximena Vasquez', 'usuario', '2018-11-06', '10:44:49'),
(330, 'Miguel Erazo', 'administrador', '2018-11-08', '09:15:33'),
(331, 'Alejandro Vaicilla', 'usuario', '2018-11-08', '09:19:53'),
(332, 'Norman Rivera', 'usuario', '2018-11-08', '17:07:50'),
(333, 'Esteban Segovia', 'usuario', '2018-11-08', '20:04:04'),
(334, 'Ximena Vasquez', 'usuario', '2018-11-11', '15:59:37'),
(335, 'Santiago Cueva', 'administrador', '2018-11-12', '12:19:02'),
(336, 'Esteban Segovia', 'usuario', '2018-11-14', '20:56:22'),
(337, 'Esteban Segovia', 'usuario', '2018-11-20', '10:08:46'),
(338, 'Miguel Erazo', 'administrador', '2018-11-20', '15:13:05'),
(339, 'Leonardo Espindola', 'usuario', '2018-11-23', '09:54:03'),
(340, 'Wilberth Cilio', 'usuario', '2018-11-29', '11:59:23'),
(341, 'Miguel Erazo', 'administrador', '2018-12-05', '15:20:49'),
(342, 'Alejandro Vaicilla', 'usuario', '2018-12-05', '15:26:10'),
(343, 'Hans Palma', 'usuario', '2018-12-06', '07:40:30'),
(344, 'Norman Rivera', 'usuario', '2018-12-06', '15:20:34'),
(345, 'Miguel Erazo', 'administrador', '2018-12-10', '09:02:56'),
(346, 'Miguel Erazo', 'administrador', '2018-12-10', '09:47:29'),
(347, 'Hans Palma', 'usuario', '2018-12-10', '14:09:11'),
(348, 'Hans Palma', 'usuario', '2018-12-11', '09:35:22'),
(349, 'Esteban Segovia', 'usuario', '2018-12-11', '13:09:26'),
(350, 'Santiago Cueva', 'administrador', '2018-12-12', '01:02:08'),
(351, 'Wilberth Cilio', 'usuario', '2018-12-13', '08:27:52'),
(352, 'Santiago Cueva', 'administrador', '2018-12-17', '22:30:07'),
(353, 'Esteban Segovia', 'usuario', '2018-12-20', '20:45:16'),
(354, 'Miguel Erazo', 'administrador', '2019-01-08', '12:53:06'),
(360, 'Alejandro Vaicilla', 'usuario', '2019-01-08', '15:33:40'),
(361, 'Leonardo Espindola', 'usuario', '2019-01-08', '15:52:48'),
(362, 'Esteban Segovia', 'usuario', '2019-01-08', '19:15:32'),
(363, 'Miguel Erazo', 'administrador', '2019-01-10', '09:34:42'),
(364, 'Esteban Segovia', 'usuario', '2019-01-16', '23:32:23'),
(365, 'Miguel Erazo', 'administrador', '2019-01-26', '00:19:33'),
(366, 'Ximena Vasquez', 'usuario', '2019-01-28', '17:08:02'),
(367, 'Wilberth Cilio', 'usuario', '2019-01-30', '16:00:19'),
(368, 'Leonidas Hernandez', 'administrador', '2019-01-31', '10:14:42'),
(369, 'Esteban Segovia', 'usuario', '2019-01-31', '14:21:02'),
(370, 'Santiago Valle', 'usuario', '2019-01-31', '14:22:50'),
(371, 'Santiago Valle', 'usuario', '2019-02-03', '18:03:46'),
(372, 'Santiago Cueva', 'administrador', '2019-02-04', '09:14:17'),
(373, 'Miguel Erazo', 'administrador', '2019-02-05', '13:39:14'),
(374, 'Ximena Vasquez', 'usuario', '2019-02-07', '13:48:33'),
(375, 'Esteban Segovia', 'usuario', '2019-02-07', '20:08:33'),
(376, 'Miguel Erazo', 'administrador', '2021-04-24', '22:18:27'),
(377, 'Miguel Erazo', 'administrador', '2021-04-25', '18:08:01'),
(378, 'Miguel Erazo', 'administrador', '2021-04-28', '17:58:22'),
(379, 'Miguel Erazo', 'administrador', '2021-04-29', '17:02:02'),
(380, 'Miguel Erazo', 'administrador', '2021-05-03', '05:36:13'),
(381, 'Miguel Erazo', 'administrador', '2021-05-05', '01:36:40'),
(382, 'Miguel Erazo', 'administrador', '2021-05-05', '01:42:24'),
(383, 'Miguel Erazo', 'administrador', '2021-05-11', '19:10:21'),
(384, 'Miguel Erazo', 'administrador', '2021-05-12', '03:39:06'),
(385, 'Miguel Erazo', 'administrador', '2021-05-12', '22:52:34'),
(386, 'Miguel Erazo', 'administrador', '2021-05-12', '22:55:25'),
(387, 'Miguel Erazo', 'administrador', '2021-07-05', '04:59:55'),
(388, 'Miguel Erazo', 'administrador', '2021-07-07', '02:50:35'),
(389, 'Miguel Erazo', 'administrador', '2021-07-08', '04:41:01'),
(390, 'Miguel Erazo', 'administrador', '2021-07-08', '22:13:42'),
(391, 'Miguel Erazo', 'administrador', '2021-07-09', '17:14:57'),
(392, 'Miguel Erazo', 'administrador', '2021-07-10', '02:29:00'),
(393, 'Miguel Erazo', 'administrador', '2021-07-12', '02:57:52'),
(394, 'Miguel Erazo', 'administrador', '2021-07-13', '01:27:59'),
(395, 'Miguel Erazo', 'administrador', '2021-07-14', '22:08:56'),
(396, 'Miguel Erazo', 'administrador', '2021-07-14', '22:09:09');

-- --------------------------------------------------------

--
-- Estructura de tabla para la tabla `tb_forecast`
--

CREATE TABLE `tb_forecast` (
  `id_sub_producto` int(10) NOT NULL,
  `id_producto` int(11) NOT NULL,
  `id_linea` int(11) NOT NULL,
  `anual_cant` int(200) NOT NULL,
  `mensual_cant` int(200) NOT NULL,
  `anual_usd` int(11) NOT NULL,
  `mensual_usd` int(11) NOT NULL,
  `rentabilidad` int(11) NOT NULL
) ENGINE=InnoDB DEFAULT CHARSET=latin1;

--
-- Volcado de datos para la tabla `tb_forecast`
--

INSERT INTO `tb_forecast` (`id_sub_producto`, `id_producto`, `id_linea`, `anual_cant`, `mensual_cant`, `anual_usd`, `mensual_usd`, `rentabilidad`) VALUES
(1, 1, 1, 23522, 1960, 81152, 6763, 13),
(2, 2, 1, 270413, 22534, 456998, 38083, 56),
(3, 3, 1, 3579, 298, 293478, 24457, 0),
(4, 4, 2, 9000, 750, 204750, 17063, 29),
(5, 5, 2, 167250, 13938, 9533, 794, 22),
(6, 5, 2, 167250, 13938, 9533, 794, 22),
(7, 5, 2, 167250, 13938, 9533, 794, 22),
(8, 5, 2, 167250, 13938, 9533, 794, 22),
(9, 5, 2, 669000, 55750, 38133, 3178, 22),
(10, 6, 2, 407, 34, 13138, 1095, 40),
(11, 6, 2, 407, 34, 13138, 1095, 40),
(12, 6, 2, 407, 34, 13138, 1095, 40),
(13, 6, 2, 407, 34, 13138, 1095, 40),
(14, 6, 2, 1627, 136, 52552, 4379, 40),
(15, 7, 3, 0, 0, 2520000, 210000, 48),
(16, 8, 3, 0, 0, 836738, 69728, 53),
(17, 9, 3, 0, 0, 0, 0, 38),
(18, 10, 3, 0, 0, 0, 0, 0),
(19, 11, 4, 8, 1, 3000, 250, 50),
(20, 12, 4, 150, 13, 6000, 500, 50),
(21, 13, 4, 72, 6, 104400, 8700, 50),
(22, 14, 6, 0, 0, 0, 0, 0),
(23, 15, 2, 0, 0, 1049250, 87438, 30),
(24, 16, 1, 30650, 2554, 82755, 6896, 0),
(25, 17, 1, 374, 31, 36269, 3022, 0),
(26, 11, 4, 8, 1, 3000, 250, 50),
(27, 11, 4, 8, 1, 3000, 250, 50),
(28, 11, 4, 8, 1, 3000, 250, 50),
(29, 11, 4, 8, 1, 3000, 250, 50),
(30, 11, 4, 8, 1, 3000, 250, 50),
(31, 11, 4, 8, 1, 3000, 250, 50),
(32, 11, 4, 8, 1, 3000, 250, 50),
(33, 11, 4, 60, 5, 24000, 2000, 50),
(34, 8, 3, 0, 0, 171531, 14294, 42),
(35, 8, 3, 0, 0, 171531, 14294, 42),
(36, 8, 3, 0, 0, 493675, 41140, 42),
(37, 13, 4, 3, 0, 4350, 363, 50),
(38, 13, 4, 3, 0, 4350, 363, 50),
(39, 13, 4, 3, 0, 4350, 363, 50),
(40, 13, 4, 3, 0, 4350, 363, 50),
(41, 13, 4, 3, 0, 4350, 363, 50),
(42, 13, 4, 3, 0, 4350, 363, 50),
(43, 13, 4, 3, 0, 4350, 363, 50),
(44, 13, 4, 3, 0, 4350, 363, 50),
(45, 13, 4, 3, 0, 4350, 363, 50),
(46, 13, 4, 3, 0, 4350, 363, 50),
(47, 13, 4, 3, 0, 4350, 363, 50),
(48, 13, 4, 3, 0, 4350, 363, 50),
(49, 13, 4, 3, 0, 4350, 363, 50),
(50, 13, 4, 3, 0, 4350, 363, 50),
(51, 13, 4, 3, 0, 4350, 363, 50),
(52, 13, 4, 3, 0, 4350, 363, 50),
(53, 13, 4, 3, 0, 4350, 363, 50),
(54, 13, 4, 3, 0, 4350, 363, 50),
(55, 13, 4, 3, 0, 4350, 363, 50),
(56, 13, 4, 3, 0, 4350, 363, 50),
(57, 13, 4, 3, 0, 4350, 363, 50),
(58, 13, 4, 3, 0, 4350, 363, 50),
(59, 13, 4, 3, 0, 4350, 363, 50),
(60, 13, 4, 3, 0, 4350, 363, 50),
(61, 1, 1, 23522, 1960, 81152, 6763, 13),
(62, 1, 1, 47044, 3920, 162303, 13525, 13),
(63, 18, 6, 12, 1, 15600, 1300, 35),
(64, 18, 6, 13, 1, 16900, 1408, 35),
(65, 18, 6, 10, 1, 13000, 1083, 35),
(66, 18, 6, 8, 1, 10400, 867, 35),
(67, 18, 6, 7, 1, 9100, 758, 35),
(68, 18, 6, 50, 4, 65000, 5417, 35),
(69, 19, 6, 12, 1, 15600, 1300, 35),
(70, 19, 6, 10, 1, 13000, 1083, 35),
(71, 19, 6, 8, 1, 10400, 867, 35),
(72, 19, 6, 10, 1, 13000, 1083, 35),
(73, 19, 6, 40, 3, 52000, 4333, 35),
(74, 20, 6, 3, 0, 4500, 375, 31),
(75, 20, 6, 3, 0, 4500, 375, 31),
(76, 20, 6, 3, 0, 4500, 375, 31),
(77, 20, 6, 3, 0, 4500, 375, 31),
(78, 20, 6, 3, 0, 4500, 375, 31),
(79, 20, 6, 3, 0, 4500, 375, 31),
(80, 20, 6, 3, 0, 4500, 375, 31),
(81, 20, 6, 3, 0, 4500, 375, 31),
(82, 20, 6, 3, 0, 4500, 375, 31),
(83, 20, 6, 3, 0, 4500, 375, 31),
(84, 20, 6, 30, 3, 45000, 3750, 31),
(85, 21, 6, 3, 0, 11040, 920, 37),
(86, 21, 6, 4, 0, 14720, 1227, 37),
(87, 21, 6, 4, 0, 14720, 1227, 37),
(88, 21, 6, 3, 0, 11040, 920, 37),
(89, 21, 6, 2, 0, 7360, 613, 37),
(90, 21, 6, 16, 1, 58880, 4907, 37);

-- --------------------------------------------------------

--
-- Estructura de tabla para la tabla `tb_importacion`
--

CREATE TABLE `tb_importacion` (
  `id_sub_producto` int(11) NOT NULL,
  `id_producto` int(11) NOT NULL,
  `id_linea` int(11) NOT NULL,
  `registro_sanitario` varchar(200) NOT NULL,
  `lote` varchar(200) NOT NULL,
  `po` varchar(200) NOT NULL,
  `fecha_po` varchar(50) NOT NULL,
  `factura` varchar(200) NOT NULL,
  `ecu` varchar(200) NOT NULL,
  `fecha_embarcacion` varchar(50) NOT NULL,
  `fecha_ingreso` varchar(50) NOT NULL,
  `tiempo_importacion` int(11) NOT NULL
) ENGINE=InnoDB DEFAULT CHARSET=latin1;

--
-- Volcado de datos para la tabla `tb_importacion`
--

INSERT INTO `tb_importacion` (`id_sub_producto`, `id_producto`, `id_linea`, `registro_sanitario`, `lote`, `po`, `fecha_po`, `factura`, `ecu`, `fecha_embarcacion`, `fecha_ingreso`, `tiempo_importacion`) VALUES
(1, 1, 1, 'Si', '1100627', '102765', 'N/A', '103772', 'CL-1817', 'N/A', '23/03/2018', 0),
(2, 2, 1, 'Si', '1047418', '102835', 'N/A', '104109', 'CL-1851', 'N/A', ' 24/05/2018', 0),
(3, 3, 1, 'Si', '232831127172', '102641', '02/01/2018', '90162908', 'ECU18012', '27/01/2018', '02/02/2018', 6),
(4, 4, 2, 'Si', '160720', '102382', '13/06/2017', '90126331', '17070', '30/06/2017', '04/08/2017', 35),
(5, 5, 2, 'Si', '228044219BCZA', '102355', '25/05/2017', '90140695', '17113', '25/09/2017', '27/11/2017', 63),
(6, 5, 2, 'Si', '228044219BCZA', '102355', '25/05/2017', '90140695', '17113', '25/09/2017', '27/11/2017', 63),
(7, 5, 2, 'Si', '228044219BCZA', '102355', '25/05/2017', '90140695', '17113', '25/09/2017', '27/11/2017', 63),
(8, 5, 2, 'Si', '124010392BCBA', '102536', '03/10/2017', '90147447', '17129', '27/10/2017', '14/11/2017', 18),
(9, 5, 2, 'Si', 'N/A', 'N/A', 'N/A', 'N/A', 'N/A', 'N/A', 'N/A', 0),
(10, 6, 2, 'Si', '17F03P', '102481', '22/08/2017', '90142308', '17103', '02/10/2017', '17/10/2017', 15),
(11, 6, 2, 'Si', '16F08P', '101718', '14/03/2016', '90074973', '16035B', '29/07/2016', '06/09/2016', 39),
(12, 6, 2, 'Si', '16I16P', '101718', '14/03/2016', '90085940', '16137', '13/10/2016', '24/10/2016', 11),
(13, 6, 2, 'Si', '17I06P', '102461', '16/08/2017', '30478MEX', '17110', '26/09/2017', '14/11/2017', 49),
(14, 6, 2, 'Si', 'N/A', 'N/A', 'N/A', 'N/A', 'N/A', 'N/A', 'N/A', 0),
(15, 7, 3, 'Si', 'N/A', 'N/A', 'N/A', 'N/A', 'N/A', 'N/A', 'N/A', 0),
(16, 8, 3, 'Si', 'N/A', 'N/A', 'N/A', 'N/A', 'N/A', 'N/A', 'N/A', 0),
(17, 9, 3, 'Si', 'N/A', 'N/A', 'N/A', 'N/A', 'N/A', 'N/A', 'N/A', 0),
(18, 10, 3, 'Si', 'N/A', 'N/A', 'N/A', 'N/A', 'N/A', 'N/A', 'N/A', 0),
(19, 11, 4, 'Si', 'NAH171214B', '102703', '43152', '90177750', '18052', '24/03/2018', '11/04/2018', 18),
(20, 12, 4, 'Si', 'YA171016B', '102703', '43152', '90177750', '18052', '24/03/2018', '11/04/2018', 18),
(21, 13, 4, 'Si', 'N/A', 'N/A', 'N/A', 'N/A', 'N/A', 'N/A', 'N/A', 0),
(22, 14, 6, 'Si', 'N/A', 'N/A', 'N/A', 'N/A', 'N/A', 'N/A', 'N/A', 0),
(23, 15, 2, 'Si', 'N/A', 'N/A', 'N/A', 'N/A', 'N/A', 'N/A', 'N/A', 0),
(24, 16, 1, 'Si', ' 7240D1', '102476', '42968', '90159703', '18005', '22/12/2018', '16/01/2018', 0),
(25, 17, 1, 'Si', '17L25MA', '102557', '43026', '90164150', '18020', '24/01/2018', '20/02/2018', 27),
(26, 11, 4, 'Si', 'NAH171117C', '102703', '43152', '90177750', '18052', '24/03/2018', '11/04/2018', 18),
(27, 11, 4, 'Si', 'NAH171221B', '102703', '43152', '90177750', '18052', '24/03/2018', '11/04/2018', 18),
(28, 11, 4, 'Si', 'NAH180115C', '102703', '43152', '90177750', '18052', '24/03/2018', '11/04/2018', 18),
(29, 11, 4, 'Si', 'NAH180111A', '102703', '43152', '90177750', '18052', '24/03/2018', '11/04/2018', 18),
(30, 11, 4, 'Si', 'NAH171106A', '102703', '43152', '90177750', '18052', '24/03/2018', '11/04/2018', 18),
(31, 11, 4, 'Si', 'NAH171121A', '102703', '43152', '90177750', '18052', '24/03/2018', '11/04/2018', 18),
(32, 11, 4, 'Si', 'NAH171109D', '102703', '43152', '90177750', '18052', '24/03/2018', '11/04/2018', 18),
(33, 11, 4, 'Si', 'N/A', 'N/A', 'N/A', 'N/A', 'N/A', 'N/A', 'N/A', 0),
(34, 8, 3, 'Si', 'N/A', 'N/A', 'N/A', 'N/A', 'N/A', 'N/A', 'N/A', 0),
(35, 8, 3, 'Si', 'N/A', 'N/A', 'N/A', 'N/A', 'N/A', 'N/A', 'N/A', 0),
(36, 8, 3, 'Si', 'N/A', 'N/A', 'N/A', 'N/A', 'N/A', 'N/A', 'N/A', 0),
(37, 13, 4, 'Si', 'N/A', 'N/A', 'N/A', 'N/A', 'N/A', 'N/A', 'N/A', 0),
(38, 13, 4, 'Si', 'N/A', 'N/A', 'N/A', 'N/A', 'N/A', 'N/A', 'N/A', 0),
(39, 13, 4, 'Si', 'N/A', 'N/A', 'N/A', 'N/A', 'N/A', 'N/A', 'N/A', 0),
(40, 13, 4, 'Si', 'N/A', 'N/A', 'N/A', 'N/A', 'N/A', 'N/A', 'N/A', 0),
(41, 13, 4, 'Si', 'N/A', 'N/A', 'N/A', 'N/A', 'N/A', 'N/A', 'N/A', 0),
(42, 13, 4, 'Si', 'N/A', 'N/A', 'N/A', 'N/A', 'N/A', 'N/A', 'N/A', 0),
(43, 13, 4, 'Si', 'N/A', 'N/A', 'N/A', 'N/A', 'N/A', 'N/A', 'N/A', 0),
(44, 13, 4, 'Si', 'N/A', 'N/A', 'N/A', 'N/A', 'N/A', 'N/A', 'N/A', 0),
(45, 13, 4, 'Si', 'N/A', 'N/A', 'N/A', 'N/A', 'N/A', 'N/A', 'N/A', 0),
(46, 13, 4, 'Si', 'N/A', 'N/A', 'N/A', 'N/A', 'N/A', 'N/A', 'N/A', 0),
(47, 13, 4, 'Si', 'N/A', 'N/A', 'N/A', 'N/A', 'N/A', 'N/A', 'N/A', 0),
(48, 13, 4, 'Si', 'N/A', 'N/A', 'N/A', 'N/A', 'N/A', 'N/A', 'N/A', 0),
(49, 13, 4, 'Si', 'N/A', 'N/A', 'N/A', 'N/A', 'N/A', 'N/A', 'N/A', 0),
(50, 13, 4, 'Si', 'N/A', 'N/A', 'N/A', 'N/A', 'N/A', 'N/A', 'N/A', 0),
(51, 13, 4, 'Si', 'N/A', 'N/A', 'N/A', 'N/A', 'N/A', 'N/A', 'N/A', 0),
(52, 13, 4, 'Si', 'N/A', 'N/A', 'N/A', 'N/A', 'N/A', 'N/A', 'N/A', 0),
(53, 13, 4, 'Si', 'N/A', 'N/A', 'N/A', 'N/A', 'N/A', 'N/A', 'N/A', 0),
(54, 13, 4, 'Si', 'N/A', 'N/A', 'N/A', 'N/A', 'N/A', 'N/A', 'N/A', 0),
(55, 13, 4, 'Si', 'N/A', 'N/A', 'N/A', 'N/A', 'N/A', 'N/A', 'N/A', 0),
(56, 13, 4, 'Si', 'N/A', 'N/A', 'N/A', 'N/A', 'N/A', 'N/A', 'N/A', 0),
(57, 13, 4, 'Si', 'N/A', 'N/A', 'N/A', 'N/A', 'N/A', 'N/A', 'N/A', 0),
(58, 13, 4, 'Si', 'N/A', 'N/A', 'N/A', 'N/A', 'N/A', 'N/A', 'N/A', 0),
(59, 13, 4, 'Si', 'N/A', 'N/A', 'N/A', 'N/A', 'N/A', 'N/A', 'N/A', 0),
(60, 13, 4, 'Si', 'N/A', 'N/A', 'N/A', 'N/A', 'N/A', 'N/A', 'N/A', 0),
(61, 1, 1, 'Si', '1100627', '102765', 'N/A', '103772', 'CL-1817', 'N/A', '23/03/2018', 0),
(62, 1, 1, 'Si', '1100627', '102765', 'N/A', '103772', 'CL-1817', 'N/A', '23/03/2018', 0),
(63, 18, 6, 'Si', 'N/A', 'N/A', 'N/A', 'N/A', 'N/A', 'N/A', 'N/A', 0),
(64, 18, 6, 'Si', 'N/A', 'N/A', 'N/A', 'N/A', 'N/A', 'N/A', 'N/A', 0),
(65, 18, 6, 'Si', 'N/A', 'N/A', 'N/A', 'N/A', 'N/A', 'N/A', 'N/A', 0),
(66, 18, 6, 'Si', 'N/A', 'N/A', 'N/A', 'N/A', 'N/A', 'N/A', 'N/A', 0),
(67, 18, 6, 'Si', 'N/A', 'N/A', 'N/A', 'N/A', 'N/A', 'N/A', 'N/A', 0),
(68, 18, 6, 'Si', 'N/A', 'N/A', 'N/A', 'N/A', 'N/A', 'N/A', 'N/A', 0),
(69, 19, 6, 'Si', 'N/A', 'N/A', 'N/A', 'N/A', 'N/A', 'N/A', 'N/A', 0),
(70, 19, 6, 'Si', 'N/A', 'N/A', 'N/A', 'N/A', 'N/A', 'N/A', 'N/A', 0),
(71, 19, 6, 'Si', 'N/A', 'N/A', 'N/A', 'N/A', 'N/A', 'N/A', 'N/A', 0),
(72, 19, 6, 'Si', 'N/A', 'N/A', 'N/A', 'N/A', 'N/A', 'N/A', 'N/A', 0),
(73, 19, 6, 'Si', 'N/A', 'N/A', 'N/A', 'N/A', 'N/A', 'N/A', 'N/A', 0),
(74, 20, 6, 'Si', 'N/A', 'N/A', 'N/A', 'N/A', 'N/A', 'N/A', 'N/A', 0),
(75, 20, 6, 'Si', 'N/A', 'N/A', 'N/A', 'N/A', 'N/A', 'N/A', 'N/A', 0),
(76, 20, 6, 'Si', 'N/A', 'N/A', 'N/A', 'N/A', 'N/A', 'N/A', 'N/A', 0),
(77, 20, 6, 'Si', 'N/A', 'N/A', 'N/A', 'N/A', 'N/A', 'N/A', 'N/A', 0),
(78, 20, 6, 'Si', 'N/A', 'N/A', 'N/A', 'N/A', 'N/A', 'N/A', 'N/A', 0),
(79, 20, 6, 'Si', 'N/A', 'N/A', 'N/A', 'N/A', 'N/A', 'N/A', 'N/A', 0),
(80, 20, 6, 'Si', 'N/A', 'N/A', 'N/A', 'N/A', 'N/A', 'N/A', 'N/A', 0),
(81, 20, 6, 'Si', 'N/A', 'N/A', 'N/A', 'N/A', 'N/A', 'N/A', 'N/A', 0),
(82, 20, 6, 'Si', 'N/A', 'N/A', 'N/A', 'N/A', 'N/A', 'N/A', 'N/A', 0),
(83, 20, 6, 'Si', 'N/A', 'N/A', 'N/A', 'N/A', 'N/A', 'N/A', 'N/A', 0),
(84, 20, 6, 'Si', 'N/A', 'N/A', 'N/A', 'N/A', 'N/A', 'N/A', 'N/A', 0),
(85, 21, 6, 'Si', 'N/A', 'N/A', 'N/A', 'N/A', 'N/A', 'N/A', 'N/A', 0),
(86, 21, 6, 'Si', 'N/A', 'N/A', 'N/A', 'N/A', 'N/A', 'N/A', 'N/A', 0),
(87, 21, 6, 'Si', 'N/A', 'N/A', 'N/A', 'N/A', 'N/A', 'N/A', 'N/A', 0),
(88, 21, 6, 'Si', 'N/A', 'N/A', 'N/A', 'N/A', 'N/A', 'N/A', 'N/A', 0),
(89, 21, 6, 'Si', 'N/A', 'N/A', 'N/A', 'N/A', 'N/A', 'N/A', 'N/A', 0),
(90, 21, 6, 'Si', 'N/A', 'N/A', 'N/A', 'N/A', 'N/A', 'N/A', 'N/A', 0);

-- --------------------------------------------------------

--
-- Estructura de tabla para la tabla `tb_info_general`
--

CREATE TABLE `tb_info_general` (
  `id_sub_producto` int(10) NOT NULL,
  `id_producto` int(11) DEFAULT NULL,
  `id_linea` int(11) NOT NULL,
  `nombre_producto` varchar(200) NOT NULL,
  `codigo_producto` varchar(100) NOT NULL,
  `division` varchar(100) NOT NULL,
  `responsable` varchar(100) NOT NULL,
  `foto1` varchar(200) NOT NULL,
  `foto2` varchar(200) NOT NULL,
  `foto3` varchar(200) NOT NULL
) ENGINE=InnoDB DEFAULT CHARSET=latin1;

--
-- Volcado de datos para la tabla `tb_info_general`
--

INSERT INTO `tb_info_general` (`id_sub_producto`, `id_producto`, `id_linea`, `nombre_producto`, `codigo_producto`, `division`, `responsable`, `foto1`, `foto2`, `foto3`) VALUES
(1, 1, 1, 'Heparina Sodica 5000 UI', '342111', 'Renal', 'Leonardo Espindola', 'foto1', 'foto2', 'foto3'),
(2, 2, 1, 'Cloruro De Sodio 0 9', '154071', 'Renal', 'Leonardo Espindola', 'foto1', 'foto2', 'foto3'),
(3, 3, 1, 'Distrate Dry Acid', 'R-D4-124', 'Renal', 'Leonardo Espindola', 'foto1', 'foto2', 'foto3'),
(4, 4, 2, 'Gasa Quirurgica 20x16 Hilos Rollo de 36??x100 Yardas', 'GA-201636100ZZT', 'Hospitalaria', 'Wlberth Cilio', 'foto1', 'foto2', 'foto3'),
(5, 5, 2, 'Blue Soft Powder Free Textured Fingers Large', 'GU-NITRILELG-1M-PF', 'Hospitalaria', 'Wlberth Cilio', 'foto1', 'foto2', 'foto3'),
(6, 5, 2, 'Blue Soft Powder Free Textured Fingers Medium', 'GU-NITRILEMD-1M-PF', 'Hospitalaria', 'Wlberth Cilio', 'foto1', 'foto2', 'foto3'),
(7, 5, 2, 'Blue Soft Powder Free Textured Fingers Small', 'GU-NITRILESM-1M-PF', 'Hospitalaria', 'Wlberth Cilio', 'foto1', 'foto2', 'foto3'),
(8, 5, 2, 'Blue Soft Powder Free Textured Fingers X-Small', 'GU-NITRILEXS-1M-PF', 'Hospitalaria', 'Wlberth Cilio', 'foto1', 'foto2', 'foto3'),
(9, 5, 2, 'Guantes Nitrilo GENERAL', '-', 'Hospitalaria', 'Wlberth Cilio', 'foto1', 'foto2', 'foto3'),
(10, 6, 2, 'Surefuser+ Disposable Infusion Pump 10ML/.2ML/48HRS', 'SFS-1002DP', 'Hospitalaria', 'Wlberth Cilio', 'foto1', 'foto2', 'foto3'),
(11, 6, 2, 'Surefuser+ Disposable Infusion MP 250ML/10ML/HR 24HRS', 'SFS-10-25P', 'Hospitalaria', 'Wlberth Cilio', 'foto1', 'foto2', 'foto3'),
(12, 6, 2, 'Surefuser Bomba de Infusion 250 ML 5 DIAS 2ML/H', 'SFS-2-25P', 'Hospitalaria', 'Wlberth Cilio', 'foto1', 'foto2', 'foto3'),
(13, 6, 2, 'Surefuser+ Elastomeric Infusion Pump 250ML 5ML/HR 48HRS', 'SFS-5-25P', 'Hospitalaria', 'Wlberth Cilio', 'foto1', 'foto2', 'foto3'),
(14, 6, 2, 'Surefuser GENERAL', '-', 'Hospitalaria', 'Wlberth Cilio', 'foto1', 'foto2', 'foto3'),
(15, 7, 3, 'OCD', 'OCD', 'Diagnostica', 'Esteban Segovia', 'foto1', 'foto2', 'foto3'),
(16, 8, 3, 'Werfen GENERAL', 'W', 'Diagnostica', 'Ximena Vazquez', 'foto1', 'foto2', 'foto3'),
(17, 9, 3, 'Boule', 'BL', 'Diagnostica', 'Ximena Vazquez', 'foto1', 'foto2', 'foto3'),
(18, 10, 3, 'EKF', '-', 'Diagnostica', 'Ximena Vazquez', 'foto1', 'foto2', 'foto3'),
(19, 11, 4, 'Balloon Diameter 2 00Mm', 'NSA 20013', 'Endovascular', 'Santiago Valle', 'foto1', 'foto2', 'foto3'),
(20, 12, 4, 'Y-Connector Set', 'YOK 0A', 'Endovascular', 'Santiago Valle', 'foto1', 'foto2', 'foto3'),
(21, 13, 4, 'Cre8 General', 'CRE8-ICLI', 'Endovascular', 'Santiago Valle', 'foto1', 'foto2', 'foto3'),
(22, 14, 6, 'Chord-X Chordal Sizer. 1 Box X 5 Individually Packaged Sterile ', 'CXCS', 'Cardiopulmonar', 'Santiago Valle', 'foto1', 'foto2', 'foto3'),
(23, 15, 2, 'Suturas', 'JJ', 'Hospitalaria', 'Norman Rivera', 'foto1', 'foto2', 'foto3'),
(24, 16, 1, 'Niprocart ', 'NCART-650', 'Renal', 'Leonardo Espindola', 'foto1', 'foto2', 'foto3'),
(25, 17, 1, 'Endotoxin Filter', 'CF-609N', 'Renal', 'Leonardo Espindola', 'foto1', 'foto2', 'foto3'),
(26, 11, 4, 'Balloon Diameter 2 25Mm', 'NSA 22513', 'Endovascular', 'Santiago Valle', 'foto1', 'foto2', 'foto3'),
(27, 11, 4, 'Balloon Diameter 2 50Mm', 'NSA 25013', 'Endovascular', 'Santiago Valle', 'foto1', 'foto2', 'foto3'),
(28, 11, 4, 'Balloon Diameter 2 75Mm', 'NSA 27513', 'Endovascular', 'Santiago Valle', 'foto1', 'foto2', 'foto3'),
(29, 11, 4, 'Balloon Diameter 3 00Mm', 'NSA 30013', 'Endovascular', 'Santiago Valle', 'foto1', 'foto2', 'foto3'),
(30, 11, 4, 'Balloon Diameter 3 25Mm', 'NSA 32513', 'Endovascular', 'Santiago Valle', 'foto1', 'foto2', 'foto3'),
(31, 11, 4, 'Balloon Diameter 3 50Mm', 'NSA 35013', 'Endovascular', 'Santiago Valle', 'foto1', 'foto2', 'foto3'),
(32, 11, 4, 'Balloon Diameter 4 00Mm', 'NSA 40013', 'Endovascular', 'Santiago Valle', 'foto1', 'foto2', 'foto3'),
(33, 11, 4, 'Nse Ballon General', 'NSA', 'Endovascular', 'Santiago Valle', 'foto1', 'foto2', 'foto3'),
(34, 8, 3, 'TP', 'W-', 'DBU', 'Ximena Vasquez', 'foto1', 'foto2', 'foto3'),
(35, 8, 3, 'TTP', 'W-20006300', 'DBU', 'Ximena Vasquez', 'foto1', 'foto2', 'foto3'),
(36, 8, 3, 'Cuidados Cr?ticos', 'W-213', 'DBU', 'Ximena Vasquez', 'foto1', 'foto2', 'foto3'),
(37, 13, 4, 'Stent Coronario 2,50 Mm X 12 Mm', 'CRE8-ICLI2512', 'Endovascular', 'Santiago Valle', 'foto1', 'foto2', 'foto3'),
(38, 13, 4, 'Stent Coronario 2,50 Mm X 16 Mm', 'CRE8-ICLI2516', 'Endovascular', 'Santiago Valle', 'foto1', 'foto2', 'foto3'),
(39, 13, 4, 'Stent Coronario 2,50 Mm X 20 Mm', 'CRE8-ICLI2520', 'Endovascular', 'Santiago Valle', 'foto1', 'foto2', 'foto3'),
(40, 13, 4, 'Stent Coronario 2,50 Mm X 25 Mm', 'CRE8-ICLI2525', 'Endovascular', 'Santiago Valle', 'foto1', 'foto2', 'foto3'),
(41, 13, 4, 'Stent Coronario 2,75 Mm X 12 Mm', 'CRE8-ICLI27512', 'Endovascular', 'Santiago Valle', 'foto1', 'foto2', 'foto3'),
(42, 13, 4, 'Stent Coronario 2,75 Mm X 16 Mm', 'CRE8-ICLI27516', 'Endovascular', 'Santiago Valle', 'foto1', 'foto2', 'foto3'),
(43, 13, 4, 'Stent Coronario 2,75 Mm X 20 Mm', 'CRE8-ICLI27520', 'Endovascular', 'Santiago Valle', 'foto1', 'foto2', 'foto3'),
(44, 13, 4, 'Stent Coronario 2,75 Mm X 25 Mm', 'CRE8-ICLI27525', 'Endovascular', 'Santiago Valle', 'foto1', 'foto2', 'foto3'),
(45, 13, 4, 'Stent Coronario 3,00 Mm X 12 Mm', 'CRE8-ICLI3012', 'Endovascular', 'Santiago Valle', 'foto1', 'foto2', 'foto3'),
(46, 13, 4, 'Stent Coronario 3,00 Mm X 16 Mm', 'CRE8-ICLI3016', 'Endovascular', 'Santiago Valle', 'foto1', 'foto2', 'foto3'),
(47, 13, 4, 'Stent Coronario 3,00 Mm X 20 Mm', 'CRE8-ICLI3020', 'Endovascular', 'Santiago Valle', 'foto1', 'foto2', 'foto3'),
(48, 13, 4, 'Stent Coronario 3,00 Mm X 25 Mm', 'CRE8-ICLI3025', 'Endovascular', 'Santiago Valle', 'foto1', 'foto2', 'foto3'),
(49, 13, 4, 'Stent Coronario 3,50 Mm X 12 Mm', 'CRE8-ICLI3512', 'Endovascular', 'Santiago Valle', 'foto1', 'foto2', 'foto3'),
(50, 13, 4, 'Stent Coronario 3,50 Mm X 16 Mm', 'CRE8-ICLI3516', 'Endovascular', 'Santiago Valle', 'foto1', 'foto2', 'foto3'),
(51, 13, 4, 'Stent Coronario 3,50 Mm X 20 Mm', 'CRE8-ICLI3520', 'Endovascular', 'Santiago Valle', 'foto1', 'foto2', 'foto3'),
(52, 13, 4, 'Stent Coronario 3,50 Mm X 25 Mm', 'CRE8-ICLI3525', 'Endovascular', 'Santiago Valle', 'foto1', 'foto2', 'foto3'),
(53, 13, 4, 'Stent Coronario 4,00 Mm X 12 Mm', 'CRE8-ICLI4012', 'Endovascular', 'Santiago Valle', 'foto1', 'foto2', 'foto3'),
(54, 13, 4, 'Stent Coronario 4,00 Mm X 16 Mm', 'CRE8-ICLI4016', 'Endovascular', 'Santiago Valle', 'foto1', 'foto2', 'foto3'),
(55, 13, 4, 'Stent Coronario 4,00 Mm X 20 Mm', 'CRE8-ICLI4020', 'Endovascular', 'Santiago Valle', 'foto1', 'foto2', 'foto3'),
(56, 13, 4, 'Stent Coronario 4,00 Mm X 25 Mm', 'CRE8-ICLI4025', 'Endovascular', 'Santiago Valle', 'foto1', 'foto2', 'foto3'),
(57, 13, 4, 'Stent Coronario 4,50 Mm X 12 Mm', 'CRE8-ICLI4512', 'Endovascular', 'Santiago Valle', 'foto1', 'foto2', 'foto3'),
(58, 13, 4, 'Stent Coronario 4,50 Mm X 16 Mm', 'CRE8-ICLI4516', 'Endovascular', 'Santiago Valle', 'foto1', 'foto2', 'foto3'),
(59, 13, 4, 'Stent Coronario 4,50 Mm X 20 Mm', 'CRE8-ICLI4520', 'Endovascular', 'Santiago Valle', 'foto1', 'foto2', 'foto3'),
(60, 13, 4, 'Stent Coronario 4,50 Mm X 25 Mm', 'CRE8-ICLI4525', 'Endovascular', 'Santiago Valle', 'foto1', 'foto2', 'foto3'),
(61, 1, 1, 'Heparina Sodica 5000 Ui Sol Iny  X 50 Fcos', '342112', 'Renal', 'Leonardo Espindola', 'foto1', 'foto2', 'foto3'),
(62, 1, 1, 'Heparina Sodica General', '-', 'Renal', 'Leonardo Espindola', 'foto1', 'foto2', 'foto3'),
(63, 18, 6, 'Aortic Heart Valve With Conform - X Sewing Ring  19X27', 'ONXACE-19', 'Cardiopulmonar', 'Santiago Valle', 'foto1', 'foto2', 'foto3'),
(64, 18, 6, 'Aortic Heart Valve With Conform - X Sewing Ring  21X30', 'ONXACE-21', 'Cardiopulmonar', 'Santiago Valle', 'foto1', 'foto2', 'foto3'),
(65, 18, 6, 'Aortic Heart Valve With Conform - X Sewing Ring  23X33', 'ONXACE-23', 'Cardiopulmonar', 'Santiago Valle', 'foto1', 'foto2', 'foto3'),
(66, 18, 6, 'Aortic Heart Valve With Conform - X Sewing Ring  25X34', 'ONXACE-25', 'Cardiopulmonar', 'Santiago Valle', 'foto1', 'foto2', 'foto3'),
(67, 18, 6, 'Aortic Heart Valve With Conform - X Sewing Ring  27X36', 'ONXACE-27/29', 'Cardiopulmonar', 'Santiago Valle', 'foto1', 'foto2', 'foto3'),
(68, 18, 6, 'Aortic Heart Valve General', '-', 'Cardiopulmonar', 'Santiago Valle', 'foto1', 'foto2', 'foto3'),
(69, 19, 6, 'Mitral Heart Valve With  Standard Sewing Ring  25X33', 'ONXM-25', 'Cardiopulmonar', 'Santiago Valle', 'foto1', 'foto2', 'foto3'),
(70, 19, 6, 'Mitral Heart Valve With  Standard Sewing Ring  27X34', 'ONXM-27/29', 'Cardiopulmonar', 'Santiago Valle', 'foto1', 'foto2', 'foto3'),
(71, 19, 6, 'Mitral Heart Valve With  Standard Sewing Ring  31X36', 'ONXM-31/33', 'Cardiopulmonar', 'Santiago Valle', 'foto1', 'foto2', 'foto3'),
(72, 19, 6, 'Mitral Heart Valve With Conform - X Sewing Ring 25/33', 'ONXMC-25/33', 'Cardiopulmonar', 'Santiago Valle', 'foto1', 'foto2', 'foto3'),
(73, 19, 6, 'Mitral Heart Valve General', '-', 'Cardiopulmonar', 'Santiago Valle', 'foto1', 'foto2', 'foto3'),
(74, 20, 6, 'Chord -X  Pre-Measured Loops Adjustable X 3/8', 'CXL-20-1838-0', 'Cardiopulmonar', 'Santiago Valle', 'foto1', 'foto2', 'foto3'),
(75, 20, 6, 'Chord -X  Pre-Measured Loops 12X3/8', 'CXL-20-1838-12', 'Cardiopulmonar', 'Santiago Valle', 'foto1', 'foto2', 'foto3'),
(76, 20, 6, 'Chord -X  Pre-Measured Loops 16X3/8', 'CXL-20-1838-16', 'Cardiopulmonar', 'Santiago Valle', 'foto1', 'foto2', 'foto3'),
(77, 20, 6, 'Chord -X  Pre-Measured Loops 20X3/8', 'CXL-20-1838-20', 'Cardiopulmonar', 'Santiago Valle', 'foto1', 'foto2', 'foto3'),
(78, 20, 6, 'Chord -X  Pre-Measured Loops 24X3/8', 'CXL-20-1838-24', 'Cardiopulmonar', 'Santiago Valle', 'foto1', 'foto2', 'foto3'),
(79, 20, 6, 'Chord -X  Pre-Measured Loops Adjustable X 1/2', 'CXL-20-1812-0', 'Cardiopulmonar', 'Santiago Valle', 'foto1', 'foto2', 'foto3'),
(80, 20, 6, 'Chord -X  Pre-Measured Loops 12X1/2', 'CXL-20-1812-12', 'Cardiopulmonar', 'Santiago Valle', 'foto1', 'foto2', 'foto3'),
(81, 20, 6, 'Chord -X  Pre-Measured Loops 16X1/2', 'CXL-20-1812-16', 'Cardiopulmonar', 'Santiago Valle', 'foto1', 'foto2', 'foto3'),
(82, 20, 6, 'Chord -X  Pre-Measured Loops 20X1/2', 'CXL-20-1812-20', 'Cardiopulmonar', 'Santiago Valle', 'foto1', 'foto2', 'foto3'),
(83, 20, 6, 'Chord -X  Pre-Measured Loops 24X1/2', 'CXL-20-1812-24', 'Cardiopulmonar', 'Santiago Valle', 'foto1', 'foto2', 'foto3'),
(84, 20, 6, 'Chord -X  Pre-Measured General', '-', 'Cardiopulmonar', 'Santiago Valle', 'foto1', 'foto2', 'foto3'),
(85, 21, 6, 'On-X Ascending Aortic Prosthesis 19X27', 'ONXAAP-19', 'Cardiopulmonar', 'Santiago Valle', 'foto1', 'foto2', 'foto3'),
(86, 21, 6, 'On-X Ascending Aortic Prosthesis 21X30', 'ONXAAP-21', 'Cardiopulmonar', 'Santiago Valle', 'foto1', 'foto2', 'foto3'),
(87, 21, 6, 'On-X Ascending Aortic Prosthesis 23X33', 'ONXAAP-23', 'Cardiopulmonar', 'Santiago Valle', 'foto1', 'foto2', 'foto3'),
(88, 21, 6, 'On-X Ascending Aortic Prosthesis 25X34', 'ONXAAP-25', 'Cardiopulmonar', 'Santiago Valle', 'foto1', 'foto2', 'foto3'),
(89, 21, 6, 'On-X Ascending Aortic Prosthesis 27/29X36', 'ONXAAP-27/29', 'Cardiopulmonar', 'Santiago Valle', 'foto1', 'foto2', 'foto3'),
(90, 21, 6, 'On-X Ascending Aortic General', '-', 'Cardiopulmonar', 'Santiago Valle', 'foto1', 'foto2', 'foto3');

-- --------------------------------------------------------

--
-- Estructura de tabla para la tabla `tb_lineas`
--

CREATE TABLE `tb_lineas` (
  `id_linea` int(11) NOT NULL,
  `nombre_linea` varchar(100) NOT NULL,
  `foto` varchar(200) NOT NULL
) ENGINE=InnoDB DEFAULT CHARSET=latin1;

--
-- Volcado de datos para la tabla `tb_lineas`
--

INSERT INTO `tb_lineas` (`id_linea`, `nombre_linea`, `foto`) VALUES
(1, 'Renal', 'renal'),
(2, 'Hospitalaria', 'hospitalaria'),
(3, 'Diagnostica', 'diagnostica'),
(4, 'Endovascular', 'endovascular'),
(5, 'Diabetes', 'diabetes'),
(6, 'Cardiopulmonar', 'cardiopulmonar');

-- --------------------------------------------------------

--
-- Estructura de tabla para la tabla `tb_productos_nuevos`
--

CREATE TABLE `tb_productos_nuevos` (
  `id_producto` int(11) NOT NULL,
  `nombre_producto` varchar(200) NOT NULL,
  `foto_producto` varchar(200) NOT NULL,
  `id_linea` int(11) NOT NULL
) ENGINE=InnoDB DEFAULT CHARSET=latin1 ROW_FORMAT=COMPACT;

--
-- Volcado de datos para la tabla `tb_productos_nuevos`
--

INSERT INTO `tb_productos_nuevos` (`id_producto`, `nombre_producto`, `foto_producto`, `id_linea`) VALUES
(1, 'Heparina', 'heparina', 1),
(2, 'Cloruro', 'cloruro', 1),
(3, 'Distrate Dry Acid', 'distrate', 1),
(4, 'Gasa', 'gasa', 2),
(5, 'Guantes de Nitrilo', 'guante_nitrilo', 2),
(6, 'Surefuser', 'surefuser', 2),
(7, 'OCD', 'ocd', 3),
(8, 'Werfen', 'werfen', 3),
(9, 'Boule', 'boule', 3),
(10, 'EKF', 'ekf', 3),
(11, 'NSE Ballon', 'nse', 4),
(12, 'OKEY II', 'okey', 4),
(13, 'Stent Coronario', 'cre8', 4),
(14, 'ON-X Chordal Sizer', 'valvulas', 6),
(15, 'Johnson y Johnson', 'johnson', 2),
(16, 'NiproCart ', 'niprocart', 1),
(17, 'Endotoxin Filter', 'CF-609N', 1),
(18, 'ON-X Aortic Heart Valve', 'valvulas2', 6),
(19, 'ON-X Mitral Heart Valve', 'valvulas3', 6),
(20, 'ON-X CHORD -X', 'valvulas4', 6),
(21, 'ON-X Ascending Aortic Prosthesis', 'valvulas5', 6);

-- --------------------------------------------------------

--
-- Estructura de tabla para la tabla `tb_stock`
--

CREATE TABLE `tb_stock` (
  `id_sub_producto` int(10) NOT NULL,
  `id_producto` int(11) NOT NULL,
  `id_linea` int(11) NOT NULL,
  `cantidad_bodega` int(20) NOT NULL,
  `cantidad_reservada` int(20) NOT NULL,
  `cantidad_disponible` int(20) NOT NULL,
  `cantidad_orden_compra` int(20) NOT NULL,
  `caduca_mes` int(20) NOT NULL,
  `caduca_3_meses` int(20) NOT NULL,
  `caduca_6_meses` int(20) NOT NULL,
  `caduca_9_meses` int(20) NOT NULL,
  `caduca_12_meses` int(20) NOT NULL
) ENGINE=InnoDB DEFAULT CHARSET=latin1;

--
-- Volcado de datos para la tabla `tb_stock`
--

INSERT INTO `tb_stock` (`id_sub_producto`, `id_producto`, `id_linea`, `cantidad_bodega`, `cantidad_reservada`, `cantidad_disponible`, `cantidad_orden_compra`, `caduca_mes`, `caduca_3_meses`, `caduca_6_meses`, `caduca_9_meses`, `caduca_12_meses`) VALUES
(1, 1, 1, 50, 0, 50, 0, 0, 50, 0, 0, 0),
(2, 2, 1, 73401, 0, 73401, 185304, 0, 0, 0, 0, 0),
(3, 3, 1, 661, 0, 661, 4976, 0, 0, 0, 0, 0),
(4, 4, 2, 1072, 0, 1072, 0, 0, 0, 0, 0, 0),
(5, 5, 2, 1123000, 0, 1123000, 392900, 0, 0, 0, 0, 0),
(6, 5, 2, 3748300, 0, 3748300, 2955000, 0, 0, 0, 0, 0),
(7, 5, 2, 901100, 0, 901100, 882700, 0, 0, 0, 0, 0),
(8, 5, 2, 112200, 0, 112200, 1000, 0, 0, 0, 0, 0),
(9, 5, 2, 5884600, 0, 5884600, 4231600, 0, 0, 0, 0, 0),
(10, 6, 2, 177, 0, 177, 1440, 0, 0, 6, 0, 0),
(11, 6, 2, 5, 0, 5, 60, 0, 0, 5, 0, 0),
(12, 6, 2, 162, 0, 162, 0, 0, 0, 0, 162, 0),
(13, 6, 2, 784, 0, 784, 0, 0, 0, 0, 0, 0),
(14, 6, 2, 1128, 0, 1128, 1500, 0, 0, 11, 162, 0),
(15, 7, 3, 1067742, 0, 1067742, 17276, 3650, 10841, 100271, 32947, 55790),
(16, 8, 3, 155, 0, 155, 675, 0, 7, 0, 0, 0),
(17, 9, 3, 0, 0, 0, 0, 0, 0, 0, 0, 0),
(18, 10, 3, 0, 0, 0, 0, 0, 0, 0, 0, 0),
(19, 11, 4, 0, 0, 0, 23, 0, 0, 0, 0, 0),
(20, 12, 4, 130, 0, 130, 155, 0, 0, 0, 0, 0),
(21, 13, 4, 218, 0, 218, 279, 0, 0, 0, 0, 15),
(22, 14, 6, 0, 0, 0, 0, 0, 0, 0, 0, 0),
(23, 15, 2, 14535, 0, 14535, 55092, 180, 17, 65, 391, 238),
(24, 16, 1, 745, 0, 745, 38792, 0, 0, 0, 0, 0),
(25, 17, 1, 18, 0, 18, 804, 0, 0, 0, 0, 0),
(26, 11, 4, 8, 0, 8, 13, 0, 0, 0, 0, 0),
(27, 11, 4, 0, 0, 0, 18, 0, 0, 0, 0, 0),
(28, 11, 4, 7, 0, 7, 14, 0, 0, 0, 0, 0),
(29, 11, 4, 10, 0, 10, 14, 0, 0, 0, 0, 0),
(30, 11, 4, 9, 0, 9, 11, 0, 0, 0, 0, 0),
(31, 11, 4, 7, 0, 7, 12, 0, 0, 0, 0, 0),
(32, 11, 4, 6, 0, 6, 5, 0, 0, 0, 0, 0),
(33, 11, 4, 47, 0, 47, 110, 0, 0, 0, 0, 0),
(34, 8, 3, 69, 0, 69, 270, 0, 0, 0, 0, 0),
(35, 8, 3, 71, 0, 71, 170, 0, 0, 0, 0, 0),
(36, 8, 3, 15, 0, 15, 235, 0, 7, 0, 0, 0),
(37, 13, 4, 6, 0, 6, 13, 0, 0, 0, 0, 3),
(38, 13, 4, 12, 0, 12, 13, 0, 0, 0, 0, 0),
(39, 13, 4, 6, 0, 6, 15, 0, 0, 0, 0, 0),
(40, 13, 4, 6, 0, 6, 15, 0, 0, 0, 0, 0),
(41, 13, 4, 13, 0, 13, 13, 0, 0, 0, 0, 0),
(42, 13, 4, 11, 0, 11, 13, 0, 0, 0, 0, 0),
(43, 13, 4, 11, 0, 11, 13, 0, 0, 0, 0, 0),
(44, 13, 4, 11, 0, 11, 13, 0, 0, 0, 0, 0),
(45, 13, 4, 12, 0, 12, 13, 0, 0, 0, 0, 0),
(46, 13, 4, 8, 0, 8, 15, 0, 0, 0, 0, 0),
(47, 13, 4, 9, 0, 9, 15, 0, 0, 0, 0, 0),
(48, 13, 4, 12, 0, 12, 13, 0, 0, 0, 0, 0),
(49, 13, 4, 11, 0, 11, 12, 0, 0, 0, 0, 5),
(50, 13, 4, 8, 0, 8, 12, 0, 0, 0, 0, 3),
(51, 13, 4, 11, 0, 11, 12, 0, 0, 0, 0, 0),
(52, 13, 4, 12, 0, 12, 12, 0, 0, 0, 0, 0),
(53, 13, 4, 11, 0, 11, 12, 0, 0, 0, 0, 0),
(54, 13, 4, 9, 0, 9, 12, 0, 0, 0, 0, 3),
(55, 13, 4, 12, 0, 12, 12, 0, 0, 0, 0, 0),
(56, 13, 4, 12, 0, 12, 12, 0, 0, 0, 0, 0),
(57, 13, 4, 4, 0, 4, 5, 0, 0, 0, 0, 0),
(58, 13, 4, 2, 0, 2, 5, 0, 0, 0, 0, 0),
(59, 13, 4, 5, 0, 5, 5, 0, 0, 0, 0, 0),
(60, 13, 4, 4, 0, 4, 4, 0, 0, 0, 0, 1),
(61, 1, 1, 14470, 0, 14470, 20000, 0, 0, 3770, 4500, 0),
(62, 1, 1, 14520, 0, 14520, 20000, 0, 50, 3770, 4500, 0),
(63, 18, 6, 0, 0, 0, 0, 0, 0, 0, 0, 0),
(64, 18, 6, 0, 0, 0, 0, 0, 0, 0, 0, 0),
(65, 18, 6, 0, 0, 0, 0, 0, 0, 0, 0, 0),
(66, 18, 6, 0, 0, 0, 0, 0, 0, 0, 0, 0),
(67, 18, 6, 0, 0, 0, 0, 0, 0, 0, 0, 0),
(68, 18, 6, 0, 0, 0, 0, 0, 0, 0, 0, 0),
(69, 19, 6, 0, 0, 0, 0, 0, 0, 0, 0, 0),
(70, 19, 6, 0, 0, 0, 0, 0, 0, 0, 0, 0),
(71, 19, 6, 0, 0, 0, 0, 0, 0, 0, 0, 0),
(72, 19, 6, 0, 0, 0, 0, 0, 0, 0, 0, 0),
(73, 19, 6, 0, 0, 0, 0, 0, 0, 0, 0, 0),
(74, 20, 6, 0, 0, 0, 0, 0, 0, 0, 0, 0),
(75, 20, 6, 0, 0, 0, 0, 0, 0, 0, 0, 0),
(76, 20, 6, 0, 0, 0, 0, 0, 0, 0, 0, 0),
(77, 20, 6, 0, 0, 0, 0, 0, 0, 0, 0, 0),
(78, 20, 6, 0, 0, 0, 0, 0, 0, 0, 0, 0),
(79, 20, 6, 0, 0, 0, 0, 0, 0, 0, 0, 0),
(80, 20, 6, 0, 0, 0, 0, 0, 0, 0, 0, 0),
(81, 20, 6, 0, 0, 0, 0, 0, 0, 0, 0, 0),
(82, 20, 6, 0, 0, 0, 0, 0, 0, 0, 0, 0),
(83, 20, 6, 0, 0, 0, 0, 0, 0, 0, 0, 0),
(84, 20, 6, 0, 0, 0, 0, 0, 0, 0, 0, 0),
(85, 21, 6, 0, 0, 0, 0, 0, 0, 0, 0, 0),
(86, 21, 6, 0, 0, 0, 0, 0, 0, 0, 0, 0),
(87, 21, 6, 0, 0, 0, 0, 0, 0, 0, 0, 0),
(88, 21, 6, 0, 0, 0, 0, 0, 0, 0, 0, 0),
(89, 21, 6, 0, 0, 0, 0, 0, 0, 0, 0, 0),
(90, 21, 6, 0, 0, 0, 0, 0, 0, 0, 0, 0);

-- --------------------------------------------------------

--
-- Estructura de tabla para la tabla `tb_sub_productos_nuevos`
--

CREATE TABLE `tb_sub_productos_nuevos` (
  `id_sub_producto` int(10) NOT NULL,
  `id_producto` int(10) NOT NULL,
  `id_linea` int(10) NOT NULL,
  `nombre_producto` varchar(200) NOT NULL,
  `foto_producto` varchar(200) NOT NULL,
  `total` int(100) NOT NULL,
  `presupuesto` int(100) NOT NULL
) ENGINE=InnoDB DEFAULT CHARSET=latin1;

--
-- Volcado de datos para la tabla `tb_sub_productos_nuevos`
--

INSERT INTO `tb_sub_productos_nuevos` (`id_sub_producto`, `id_producto`, `id_linea`, `nombre_producto`, `foto_producto`, `total`, `presupuesto`) VALUES
(1, 1, 1, 'Heparina Sodica 5000 UI', 'heparina1', 43383, 81156),
(2, 2, 1, 'Cloruro De Sodio 0 9', 'cloruro1', 249748, 456996),
(3, 3, 1, 'Distrate Dry Acid', 'distrate1', 191767, 293478),
(4, 4, 2, 'Gasa Quirurgica 20x16 Hilos Rollo de 36??x100 Yardas', 'gasa1', 18400, 204756),
(5, 5, 2, 'Blue Soft Powder Free Textured Fingers Large', 'nitrilo1', 72666, 9528),
(6, 5, 2, 'Blue Soft Powder Free Textured Fingers Medium', 'nitrilo2', 222289, 9528),
(7, 5, 2, 'Blue Soft Powder Free Textured Fingers Small', 'nitrilo4', 82928, 9528),
(8, 5, 2, 'Blue Soft Powder Free Textured Fingers X-Small', 'nitrilo5', 8732, 9528),
(9, 5, 2, 'Guantes Nitrilo GENERAL', 'nitrilo6', 386614, 38136),
(10, 6, 2, 'Surefuser+ Disposable Infusion Pump 10ML/.2ML/48HRS', 'surefuser4', 33099, 13140),
(11, 6, 2, 'Surefuser+ Disposable Infusion MP 250ML/10ML/HR 24HRS', 'surefuser5', 5510, 13140),
(12, 6, 2, 'Surefuser Bomba de Infusion 250 ML 5 DIAS 2ML/H', 'surefuser6', 0, 13140),
(13, 6, 2, 'Surefuser+ Elastomeric Infusion Pump 250ML 5ML/HR 48HRS', 'surefuser8', 15985, 13140),
(14, 6, 2, 'Surefuser GENERAL', 'surefuser9', 54594, 52548),
(15, 7, 3, 'OCD', 'ocd1', 2054731, 2519999),
(16, 8, 3, 'Werfen GENERAL', 'werfen1', 964181, 836740),
(17, 9, 3, 'Boule', 'boule1', 0, 0),
(18, 10, 3, 'EKF', 'ekf1', 0, 0),
(19, 11, 4, 'Balloon Diameter 2 00Mm', 'ballon1', 6800, 3000),
(20, 12, 4, 'Y-Connector Set', 'connector1', 1505, 6000),
(21, 13, 4, 'Cre8 General', 'stent1', 72600, 104400),
(22, 14, 6, 'Chord-X Chordal Sizer. 1 Box X 5 Individually Packaged Sterile ', 'aortic1', 0, 0),
(23, 15, 2, 'Suturas', 'suturas1', 959683, 733951),
(24, 16, 1, 'Niprocart ', 'niprocart1', 27045, 82758),
(25, 17, 1, 'Endotoxin Filter', 'CF-609N1', 25260, 36267),
(26, 11, 4, 'Balloon Diameter 2 25Mm', 'ballon2', 3050, 3000),
(27, 11, 4, 'Balloon Diameter 2 50Mm', 'ballon3', 5600, 3000),
(28, 11, 4, 'Balloon Diameter 2 75Mm', 'ballon4', 1250, 3000),
(29, 11, 4, 'Balloon Diameter 3 00Mm', 'ballon5', 3350, 3000),
(30, 11, 4, 'Balloon Diameter 3 25Mm', 'ballon6', 1700, 3000),
(31, 11, 4, 'Balloon Diameter 3 50Mm', 'ballon7', 3600, 3000),
(32, 11, 4, 'Balloon Diameter 4 00Mm', 'ballon8', 1520, 3000),
(33, 11, 4, 'Nse Ballon General', 'ballon9', 26870, 24000),
(34, 8, 3, 'TP', 'tp1', 120203, 171531),
(35, 8, 3, 'TTP', 'ttp1', 159664, 171531),
(36, 8, 3, 'Cuidados Cr?ticos', 'cc1', 684314, 493677),
(37, 13, 4, 'Stent Coronario 2,50 Mm X 12 Mm', 'stent2', 11550, 4350),
(38, 13, 4, 'Stent Coronario 2,50 Mm X 16 Mm', 'stent3', 1650, 4350),
(39, 13, 4, 'Stent Coronario 2,50 Mm X 20 Mm', 'stent4', 8250, 4350),
(40, 13, 4, 'Stent Coronario 2,50 Mm X 25 Mm', 'stent5', 8250, 4350),
(41, 13, 4, 'Stent Coronario 2,75 Mm X 12 Mm', 'stent6', 0, 4350),
(42, 13, 4, 'Stent Coronario 2,75 Mm X 16 Mm', 'stent7', 3300, 4350),
(43, 13, 4, 'Stent Coronario 2,75 Mm X 20 Mm', 'stent8', 3300, 4350),
(44, 13, 4, 'Stent Coronario 2,75 Mm X 25 Mm', 'stent9', 3300, 4350),
(45, 13, 4, 'Stent Coronario 3,00 Mm X 12 Mm', 'stent10', 1650, 4350),
(46, 13, 4, 'Stent Coronario 3,00 Mm X 16 Mm', 'stent11', 4950, 4350),
(47, 13, 4, 'Stent Coronario 3,00 Mm X 20 Mm', 'stent12', 3300, 4350),
(48, 13, 4, 'Stent Coronario 3,00 Mm X 25 Mm', 'stent13', 0, 4350),
(49, 13, 4, 'Stent Coronario 3,50 Mm X 12 Mm', 'stent14', 1650, 4350),
(50, 13, 4, 'Stent Coronario 3,50 Mm X 16 Mm', 'stent15', 6600, 4350),
(51, 13, 4, 'Stent Coronario 3,50 Mm X 20 Mm', 'stent16', 1650, 4350),
(52, 13, 4, 'Stent Coronario 3,50 Mm X 25 Mm', 'stent17', 0, 4350),
(53, 13, 4, 'Stent Coronario 4,00 Mm X 12 Mm', 'stent18', 1650, 4350),
(54, 13, 4, 'Stent Coronario 4,00 Mm X 16 Mm', 'stent19', 4950, 4350),
(55, 13, 4, 'Stent Coronario 4,00 Mm X 20 Mm', 'stent20', 0, 4350),
(56, 13, 4, 'Stent Coronario 4,00 Mm X 25 Mm', 'stent21', 0, 4350),
(57, 13, 4, 'Stent Coronario 4,50 Mm X 12 Mm', 'stent22', 1650, 4350),
(58, 13, 4, 'Stent Coronario 4,50 Mm X 16 Mm', 'stent23', 4950, 4350),
(59, 13, 4, 'Stent Coronario 4,50 Mm X 20 Mm', 'stent24', 0, 4350),
(60, 13, 4, 'Stent Coronario 4,50 Mm X 25 Mm', 'stent25', 0, 4350),
(61, 1, 1, 'Heparina Sodica 5000 Ui Sol Iny  X 50 Fcos', 'heparina2', 86918, 81156),
(62, 1, 1, 'Heparina Sodica General', 'heparina3', 130300, 162300),
(63, 18, 6, 'Aortic Heart Valve With Conform - X Sewing Ring  19X27', 'aortic2', 0, 15600),
(64, 18, 6, 'Aortic Heart Valve With Conform - X Sewing Ring  21X30', 'aortic2', 0, 16900),
(65, 18, 6, 'Aortic Heart Valve With Conform - X Sewing Ring  23X33', 'aortic2', 0, 13000),
(66, 18, 6, 'Aortic Heart Valve With Conform - X Sewing Ring  25X34', 'aortic2', 0, 10400),
(67, 18, 6, 'Aortic Heart Valve With Conform - X Sewing Ring  27X36', 'aortic2', 0, 9100),
(68, 18, 6, 'Aortic Heart Valve General', 'aortic2', 0, 65000),
(69, 19, 6, 'Mitral Heart Valve With  Standard Sewing Ring  25X33', 'aortic3', 0, 15600),
(70, 19, 6, 'Mitral Heart Valve With  Standard Sewing Ring  27X34', 'aortic3', 0, 13000),
(71, 19, 6, 'Mitral Heart Valve With  Standard Sewing Ring  31X36', 'aortic3', 0, 10400),
(72, 19, 6, 'Mitral Heart Valve With Conform - X Sewing Ring 25/33', 'aortic3', 0, 13000),
(73, 19, 6, 'Mitral Heart Valve General', 'aortic3', 0, 52000),
(74, 20, 6, 'Chord -X  Pre-Measured Loops Adjustable X 3/8', 'aortic4', 0, 4500),
(75, 20, 6, 'Chord -X  Pre-Measured Loops 12X3/8', 'aortic4', 0, 4500),
(76, 20, 6, 'Chord -X  Pre-Measured Loops 16X3/8', 'aortic4', 0, 4500),
(77, 20, 6, 'Chord -X  Pre-Measured Loops 20X3/8', 'aortic4', 0, 4500),
(78, 20, 6, 'Chord -X  Pre-Measured Loops 24X3/8', 'aortic4', 0, 4500),
(79, 20, 6, 'Chord -X  Pre-Measured Loops Adjustable X 1/2', 'aortic4', 0, 4500),
(80, 20, 6, 'Chord -X  Pre-Measured Loops 12X1/2', 'aortic4', 0, 4500),
(81, 20, 6, 'Chord -X  Pre-Measured Loops 16X1/2', 'aortic4', 0, 4500),
(82, 20, 6, 'Chord -X  Pre-Measured Loops 20X1/2', 'aortic4', 0, 4500),
(83, 20, 6, 'Chord -X  Pre-Measured Loops 24X1/2', 'aortic4', 0, 4500),
(84, 20, 6, 'Chord -X  Pre-Measured General', 'aortic4', 0, 45000),
(85, 21, 6, 'On-X Ascending Aortic Prosthesis 19X27', 'aortic5', 0, 11040),
(86, 21, 6, 'On-X Ascending Aortic Prosthesis 21X30', 'aortic5', 0, 14720),
(87, 21, 6, 'On-X Ascending Aortic Prosthesis 23X33', 'aortic5', 0, 14720),
(88, 21, 6, 'On-X Ascending Aortic Prosthesis 25X34', 'aortic5', 0, 11040),
(89, 21, 6, 'On-X Ascending Aortic Prosthesis 27/29X36', 'aortic5', 0, 7360),
(90, 21, 6, 'On-X Ascending Aortic General', 'aortic5', 0, 58880);

-- --------------------------------------------------------

--
-- Estructura de tabla para la tabla `tb_ventas`
--

CREATE TABLE `tb_ventas` (
  `id_sub_producto` int(10) NOT NULL,
  `id_producto` int(10) NOT NULL,
  `id_linea` int(10) NOT NULL,
  `enero` int(10) NOT NULL,
  `febrero` int(10) NOT NULL,
  `marzo` int(10) NOT NULL,
  `abril` int(10) NOT NULL,
  `mayo` int(10) NOT NULL,
  `junio` int(10) NOT NULL,
  `julio` int(10) NOT NULL,
  `agosto` int(10) NOT NULL,
  `septiembre` int(11) NOT NULL,
  `octubre` int(11) NOT NULL,
  `noviembre` int(11) NOT NULL,
  `diciembre` int(11) NOT NULL
) ENGINE=InnoDB DEFAULT CHARSET=latin1;

--
-- Volcado de datos para la tabla `tb_ventas`
--

INSERT INTO `tb_ventas` (`id_sub_producto`, `id_producto`, `id_linea`, `enero`, `febrero`, `marzo`, `abril`, `mayo`, `junio`, `julio`, `agosto`, `septiembre`, `octubre`, `noviembre`, `diciembre`) VALUES
(1, 1, 1, 6763, 6763, 6763, 6763, 6763, 6763, 6763, 6763, 6763, 6763, 6763, 6763),
(1, 1, 1, 12865, 11985, 14970, 3440, 0, 0, 0, 0, 123, 0, 0, 0),
(2, 2, 1, 38083, 38083, 38083, 38083, 38083, 38083, 38083, 38083, 38083, 38083, 38083, 38083),
(2, 2, 1, 22357, 17743, 21039, 19961, 20327, 18382, 23223, 20356, 20540, 22079, 23130, 20611),
(3, 3, 1, 0, 3280, 3280, 7380, 16728, 28372, 33784, 33784, 41656, 41656, 41656, 41902),
(3, 3, 1, 0, 4315, 4413, 0, 5720, 5720, 6820, 15620, 6930, 15589, 16920, 109720),
(4, 4, 2, 17063, 17063, 17063, 17063, 17063, 17063, 17063, 17063, 17063, 17063, 17063, 17063),
(4, 4, 2, 0, 0, 0, 338, 2480, 5298, 167, 39, -641, 9131, 395, 1193),
(5, 5, 2, 794, 794, 794, 794, 794, 794, 794, 794, 794, 794, 794, 794),
(5, 5, 2, 8686, 8780, 7717, 7063, 9292, 1113, 8044, 3170, 1620, 6537, 4839, 5805),
(6, 5, 2, 794, 794, 794, 794, 794, 794, 794, 794, 794, 794, 794, 794),
(6, 5, 2, 31692, 9862, 36018, 28473, 31570, 15915, 10867, 11610, 4654, 16263, 21375, 3990),
(7, 5, 2, 794, 794, 794, 794, 794, 794, 794, 794, 794, 794, 794, 794),
(7, 5, 2, 5891, 2804, 3986, 13115, 7776, 13027, 564, 4922, 8205, 9394, 5174, 8070),
(8, 5, 2, 794, 794, 794, 794, 794, 794, 794, 794, 794, 794, 794, 794),
(8, 5, 2, 517, 807, 858, 1006, 615, 797, 859, 631, 544, 1078, 115, 905),
(9, 5, 2, 3178, 3178, 3178, 3178, 3178, 3178, 3178, 3178, 3178, 3178, 3178, 3178),
(9, 5, 2, 46786, 22253, 48579, 49657, 49252, 30851, 20334, 20333, 15023, 33273, 31504, 18769),
(10, 6, 2, 1095, 1095, 1095, 1095, 1095, 1095, 1095, 1095, 1095, 1095, 1095, 1095),
(10, 6, 2, 0, 3363, 5886, 0, 0, 7000, 0, 110, 0, 11340, 0, 5400),
(11, 6, 2, 1095, 1095, 1095, 1095, 1095, 1095, 1095, 1095, 1095, 1095, 1095, 1095),
(11, 6, 2, 660, 0, 1650, 0, 0, 3200, 0, 0, 0, 0, 0, 0),
(12, 6, 2, 1095, 1095, 1095, 1095, 1095, 1095, 1095, 1095, 1095, 1095, 1095, 1095),
(12, 6, 2, 0, 0, 0, 0, 0, 0, 0, 0, 0, 0, 0, 0),
(13, 6, 2, 1095, 1095, 1095, 1095, 1095, 1095, 1095, 1095, 1095, 1095, 1095, 1095),
(13, 6, 2, 0, 0, 0, 0, 0, 5180, 0, 0, 5760, 0, 0, 5045),
(14, 6, 2, 4379, 4379, 4379, 4379, 4379, 4379, 4379, 4379, 4379, 4379, 4379, 4379),
(14, 6, 2, 660, 3363, 7536, 0, 0, 15380, 0, 110, 5760, 11340, 0, 10445),
(15, 7, 3, 167323, 173964, 186824, 206688, 218750, 233292, 241422, 229674, 221822, 222967, 231342, 185931),
(15, 7, 3, 128377, 152641, 209009, 216769, 195723, 166696, 121909, 171608, 220325, 189890, 167779, 114005),
(16, 8, 3, 55558, 57763, 62033, 68629, 72634, 77462, 80162, 76261, 73653, 74034, 76815, 61736),
(16, 8, 3, 0, 39078, 99373, 120925, 141687, 35069, 103967, 72628, 47841, 111482, 144222, 47909),
(17, 9, 3, 0, 0, 0, 0, 0, 0, 0, 0, 0, 0, 0, 0),
(17, 9, 3, 0, 0, 0, 0, 0, 0, 0, 0, 0, 0, 0, 0),
(18, 10, 3, 0, 0, 0, 0, 0, 0, 0, 0, 0, 0, 0, 0),
(18, 10, 3, 0, 0, 0, 0, 0, 0, 0, 0, 0, 0, 0, 0),
(19, 11, 4, 250, 250, 250, 250, 250, 250, 250, 250, 250, 250, 250, 250),
(19, 11, 4, 0, 0, 0, 0, 1600, 1300, 0, 0, 750, 450, 2250, 450),
(20, 12, 4, 500, 500, 500, 500, 500, 500, 500, 500, 500, 500, 500, 500),
(20, 12, 4, 0, 0, 0, 120, 240, 200, 250, 90, 280, 120, 100, 105),
(21, 13, 4, 0, 0, 0, 0, 0, 0, 0, 34800, 0, 34800, 0, 34800),
(21, 13, 4, 0, 0, 0, 0, 0, 0, 0, 0, 0, 37950, 13200, 21450),
(22, 14, 6, 0, 0, 0, 0, 0, 0, 0, 0, 0, 0, 0, 0),
(22, 14, 6, 0, 0, 0, 0, 0, 0, 0, 0, 0, 0, 0, 0),
(23, 15, 2, 0, 0, 0, 60857, 64949, 62955, 82261, 86563, 104715, 90655, 87298, 93698),
(23, 15, 2, 0, 0, 0, 12389, 36088, 37111, 36121, 101960, 181043, 169313, 255854, 129804),
(24, 16, 1, 0, 0, 0, 0, 0, 2363, 4793, 12488, 15728, 15728, 15728, 15930),
(24, 16, 1, 0, 0, 0, 0, 0, 0, 0, 0, 0, 11838, 9617, 5590),
(25, 17, 1, 0, 0, 0, 0, 0, 1670, 2834, 4632, 6613, 7874, 6031, 6613),
(25, 17, 1, 0, 2064, 0, 0, 0, 0, 0, 4535, 0, 11438, 2858, 4365),
(26, 11, 4, 250, 250, 250, 250, 250, 250, 250, 250, 250, 250, 250, 250),
(26, 11, 4, 0, 0, 0, 0, 1700, 0, 0, 0, 450, 0, 900, 0),
(27, 11, 4, 250, 250, 250, 250, 250, 250, 250, 250, 250, 250, 250, 250),
(27, 11, 4, 0, 0, 0, 0, 1250, 0, 0, 1350, 1200, 900, 450, 450),
(28, 11, 4, 250, 250, 250, 250, 250, 250, 250, 250, 250, 250, 250, 250),
(28, 11, 4, 0, 0, 0, 0, 1250, 0, 0, 0, 0, 0, 0, 0),
(29, 11, 4, 250, 250, 250, 250, 250, 250, 250, 250, 250, 250, 250, 250),
(29, 11, 4, 0, 0, 0, 450, 1250, 0, 0, 0, 750, 900, 0, 0),
(30, 11, 4, 250, 250, 250, 250, 250, 250, 250, 250, 250, 250, 250, 250),
(30, 11, 4, 0, 0, 0, 0, 1250, 0, 0, 450, 0, 0, 0, 0),
(31, 11, 4, 250, 250, 250, 250, 250, 250, 250, 250, 250, 250, 250, 250),
(31, 11, 4, 0, 0, 0, 0, 800, 1600, 0, 0, 750, 450, 0, 0),
(32, 11, 4, 250, 250, 250, 250, 250, 250, 250, 250, 250, 250, 250, 250),
(32, 11, 4, 0, 0, 0, 0, 800, 0, 0, 0, 0, 270, 0, 450),
(33, 11, 4, 2000, 2000, 2000, 2000, 2000, 2000, 2000, 2000, 2000, 2000, 2000, 2000),
(33, 11, 4, 0, 0, 0, 450, 9900, 2900, 0, 1800, 3900, 2970, 3600, 1350),
(34, 8, 3, 11389, 11841, 12717, 14069, 14890, 15880, 16433, 15633, 15099, 15177, 15747, 12656),
(34, 8, 3, 0, 1316, 18360, 18749, 8748, 4323, 9288, 3931, 4305, 17342, 17597, 16244),
(35, 8, 3, 11389, 11841, 12717, 14069, 14890, 15880, 16433, 15633, 15099, 15177, 15747, 12656),
(35, 8, 3, 0, 3322, 26324, 26456, 7416, 4506, 30629, 4777, 3576, 25710, 7733, 19215),
(36, 8, 3, 32779, 34080, 36599, 40491, 42854, 45703, 47295, 44994, 43456, 43680, 45321, 36425),
(36, 8, 3, 0, 34440, 54690, 75720, 125523, 26240, 64050, 63920, 39960, 68430, 118891, 12450),
(37, 13, 4, 0, 0, 0, 0, 0, 0, 0, 1450, 0, 1450, 0, 1450),
(37, 13, 4, 0, 0, 0, 0, 0, 0, 0, 0, 0, 4950, 1650, 4950),
(38, 13, 4, 0, 0, 0, 0, 0, 0, 0, 1450, 0, 1450, 0, 1450),
(38, 13, 4, 0, 0, 0, 0, 0, 0, 0, 0, 0, 0, 0, 1650),
(39, 13, 4, 0, 0, 0, 0, 0, 0, 0, 1450, 0, 1450, 0, 1450),
(39, 13, 4, 0, 0, 0, 0, 0, 0, 0, 0, 0, 6600, 0, 1650),
(40, 13, 4, 0, 0, 0, 0, 0, 0, 0, 1450, 0, 1450, 0, 1450),
(40, 13, 4, 0, 0, 0, 0, 0, 0, 0, 0, 0, 3300, 1650, 3300),
(41, 13, 4, 0, 0, 0, 0, 0, 0, 0, 1450, 0, 1450, 0, 1450),
(41, 13, 4, 0, 0, 0, 0, 0, 0, 0, 0, 0, 0, 0, 0),
(42, 13, 4, 0, 0, 0, 0, 0, 0, 0, 1450, 0, 1450, 0, 1450),
(42, 13, 4, 0, 0, 0, 0, 0, 0, 0, 0, 0, 1650, 0, 1650),
(43, 13, 4, 0, 0, 0, 0, 0, 0, 0, 1450, 0, 1450, 0, 1450),
(43, 13, 4, 0, 0, 0, 0, 0, 0, 0, 0, 0, 3300, 0, 0),
(44, 13, 4, 0, 0, 0, 0, 0, 0, 0, 1450, 0, 1450, 0, 1450),
(44, 13, 4, 0, 0, 0, 0, 0, 0, 0, 0, 0, 0, 3300, 0),
(45, 13, 4, 0, 0, 0, 0, 0, 0, 0, 1450, 0, 1450, 0, 1450),
(45, 13, 4, 0, 0, 0, 0, 0, 0, 0, 0, 0, 0, 1650, 0),
(46, 13, 4, 0, 0, 0, 0, 0, 0, 0, 1450, 0, 1450, 0, 1450),
(46, 13, 4, 0, 0, 0, 0, 0, 0, 0, 0, 0, 4950, 0, 0),
(47, 13, 4, 0, 0, 0, 0, 0, 0, 0, 1450, 0, 1450, 0, 1450),
(47, 13, 4, 0, 0, 0, 0, 0, 0, 0, 0, 0, 0, 1650, 1650),
(48, 13, 4, 0, 0, 0, 0, 0, 0, 0, 1450, 0, 1450, 0, 1450),
(48, 13, 4, 0, 0, 0, 0, 0, 0, 0, 0, 0, 0, 0, 0),
(49, 13, 4, 0, 0, 0, 0, 0, 0, 0, 1450, 0, 1450, 0, 1450),
(49, 13, 4, 0, 0, 0, 0, 0, 0, 0, 0, 0, 0, 0, 1650),
(50, 13, 4, 0, 0, 0, 0, 0, 0, 0, 1450, 0, 1450, 0, 1450),
(50, 13, 4, 0, 0, 0, 0, 0, 0, 0, 0, 0, 3300, 1650, 1650),
(51, 13, 4, 0, 0, 0, 0, 0, 0, 0, 1450, 0, 1450, 0, 1450),
(51, 13, 4, 0, 0, 0, 0, 0, 0, 0, 0, 0, 0, 0, 1650),
(52, 13, 4, 0, 0, 0, 0, 0, 0, 0, 1450, 0, 1450, 0, 1450),
(52, 13, 4, 0, 0, 0, 0, 0, 0, 0, 0, 0, 0, 0, 0),
(53, 13, 4, 0, 0, 0, 0, 0, 0, 0, 1450, 0, 1450, 0, 1450),
(53, 13, 4, 0, 0, 0, 0, 0, 0, 0, 0, 0, 0, 1650, 0),
(54, 13, 4, 0, 0, 0, 0, 0, 0, 0, 1450, 0, 1450, 0, 1450),
(54, 13, 4, 0, 0, 0, 0, 0, 0, 0, 0, 0, 4950, 0, 0),
(55, 13, 4, 0, 0, 0, 0, 0, 0, 0, 1450, 0, 1450, 0, 1450),
(55, 13, 4, 0, 0, 0, 0, 0, 0, 0, 0, 0, 0, 0, 0),
(56, 13, 4, 0, 0, 0, 0, 0, 0, 0, 1450, 0, 1450, 0, 1450),
(56, 13, 4, 0, 0, 0, 0, 0, 0, 0, 0, 0, 0, 0, 0),
(57, 13, 4, 0, 0, 0, 0, 0, 0, 0, 1450, 0, 1450, 0, 1450),
(57, 13, 4, 0, 0, 0, 0, 0, 0, 0, 0, 0, 1650, 0, 0),
(58, 13, 4, 0, 0, 0, 0, 0, 0, 0, 1450, 0, 1450, 0, 1450),
(58, 13, 4, 0, 0, 0, 0, 0, 0, 0, 0, 0, 3300, 0, 1650),
(59, 13, 4, 0, 0, 0, 0, 0, 0, 0, 1450, 0, 1450, 0, 1450),
(59, 13, 4, 0, 0, 0, 0, 0, 0, 0, 0, 0, 0, 0, 0),
(60, 13, 4, 0, 0, 0, 0, 0, 0, 0, 1450, 0, 1450, 0, 1450),
(60, 13, 4, 0, 0, 0, 0, 0, 0, 0, 0, 0, 0, 0, 0),
(61, 1, 1, 6763, 6763, 6763, 6763, 6763, 6763, 6763, 6763, 6763, 6763, 6763, 6763),
(61, 1, 1, 0, 0, 0, 10350, 11120, 13705, 14755, 12380, 6103, 5880, 4125, 8500),
(62, 1, 1, 13525, 13525, 13525, 13525, 13525, 13525, 13525, 13525, 13525, 13525, 13525, 13525),
(62, 1, 1, 12865, 11985, 14970, 13790, 11120, 13705, 14755, 12380, 6225, 5880, 4125, 8500),
(63, 18, 6, 1300, 1300, 1300, 1300, 1300, 1300, 1300, 1300, 1300, 1300, 1300, 1300),
(63, 18, 6, 0, 0, 0, 0, 0, 0, 0, 0, 0, 0, 0, 0),
(64, 18, 6, 1300, 1300, 1300, 1300, 1300, 1300, 1300, 2600, 1300, 1300, 1300, 1300),
(64, 18, 6, 0, 0, 0, 0, 0, 0, 0, 0, 0, 0, 0, 0),
(65, 18, 6, 0, 1300, 1300, 1300, 1300, 1300, 1300, 1300, 1300, 1300, 1300, 0),
(65, 18, 6, 0, 0, 0, 0, 0, 0, 0, 0, 0, 0, 0, 0),
(66, 18, 6, 0, 0, 0, 1300, 1300, 1300, 1300, 1300, 1300, 1300, 1300, 0),
(66, 18, 6, 0, 0, 0, 0, 0, 0, 0, 0, 0, 0, 0, 0),
(67, 18, 6, 0, 0, 0, 1300, 1300, 1300, 1300, 1300, 1300, 1300, 0, 0),
(67, 18, 6, 0, 0, 0, 0, 0, 0, 0, 0, 0, 0, 0, 0),
(68, 18, 6, 2600, 3900, 3900, 6500, 6500, 6500, 6500, 7800, 6500, 6500, 5200, 2600),
(68, 18, 6, 0, 0, 0, 0, 0, 0, 0, 0, 0, 0, 0, 0),
(69, 19, 6, 1300, 1300, 1300, 1300, 1300, 1300, 1300, 1300, 1300, 1300, 1300, 1300),
(69, 19, 6, 0, 0, 0, 0, 0, 0, 0, 0, 0, 0, 0, 0),
(70, 19, 6, 0, 1300, 1300, 1300, 1300, 1300, 1300, 1300, 1300, 1300, 1300, 0),
(70, 19, 6, 0, 0, 0, 0, 0, 0, 0, 0, 0, 0, 0, 0),
(71, 19, 6, 0, 0, 1300, 1300, 1300, 1300, 1300, 1300, 1300, 1300, 0, 0),
(71, 19, 6, 0, 0, 0, 0, 0, 0, 0, 0, 0, 0, 0, 0),
(72, 19, 6, 0, 1300, 1300, 1300, 1300, 1300, 1300, 1300, 1300, 1300, 1300, 0),
(72, 19, 6, 0, 0, 0, 0, 0, 0, 0, 0, 0, 0, 0, 0),
(73, 19, 6, 1300, 3900, 5200, 5200, 5200, 5200, 5200, 5200, 5200, 5200, 3900, 1300),
(73, 19, 6, 0, 0, 0, 0, 0, 0, 0, 0, 0, 0, 0, 0),
(74, 20, 6, 0, 0, 0, 1500, 0, 0, 1500, 0, 0, 1500, 0, 0),
(74, 20, 6, 0, 0, 0, 0, 0, 0, 0, 0, 0, 0, 0, 0),
(75, 20, 6, 0, 0, 0, 1500, 0, 0, 1500, 0, 0, 1500, 0, 0),
(75, 20, 6, 0, 0, 0, 0, 0, 0, 0, 0, 0, 0, 0, 0),
(76, 20, 6, 0, 0, 0, 1500, 0, 0, 1500, 0, 0, 1500, 0, 0),
(76, 20, 6, 0, 0, 0, 0, 0, 0, 0, 0, 0, 0, 0, 0),
(77, 20, 6, 0, 0, 0, 1500, 0, 0, 1500, 0, 0, 1500, 0, 0),
(77, 20, 6, 0, 0, 0, 0, 0, 0, 0, 0, 0, 0, 0, 0),
(78, 20, 6, 0, 0, 0, 1500, 0, 0, 1500, 0, 0, 1500, 0, 0),
(78, 20, 6, 0, 0, 0, 0, 0, 0, 0, 0, 0, 0, 0, 0),
(79, 20, 6, 0, 0, 0, 1500, 0, 0, 1500, 0, 0, 1500, 0, 0),
(79, 20, 6, 0, 0, 0, 0, 0, 0, 0, 0, 0, 0, 0, 0),
(80, 20, 6, 0, 0, 0, 1500, 0, 0, 1500, 0, 0, 1500, 0, 0),
(80, 20, 6, 0, 0, 0, 0, 0, 0, 0, 0, 0, 0, 0, 0),
(81, 20, 6, 0, 0, 0, 1500, 0, 0, 1500, 0, 0, 1500, 0, 0),
(81, 20, 6, 0, 0, 0, 0, 0, 0, 0, 0, 0, 0, 0, 0),
(82, 20, 6, 0, 0, 0, 1500, 0, 0, 1500, 0, 0, 1500, 0, 0),
(82, 20, 6, 0, 0, 0, 0, 0, 0, 0, 0, 0, 0, 0, 0),
(83, 20, 6, 0, 0, 0, 1500, 0, 0, 1500, 0, 0, 1500, 0, 0),
(83, 20, 6, 0, 0, 0, 0, 0, 0, 0, 0, 0, 0, 0, 0),
(84, 20, 6, 0, 0, 0, 15000, 0, 0, 15000, 0, 0, 15000, 0, 0),
(84, 20, 6, 0, 0, 0, 0, 0, 0, 0, 0, 0, 0, 0, 0),
(85, 21, 6, 0, 0, 0, 3680, 0, 0, 3680, 0, 0, 3680, 0, 0),
(85, 21, 6, 0, 0, 0, 0, 0, 0, 0, 0, 0, 0, 0, 0),
(86, 21, 6, 0, 0, 3680, 0, 3680, 0, 3680, 0, 3680, 0, 0, 0),
(86, 21, 6, 0, 0, 0, 0, 0, 0, 0, 0, 0, 0, 0, 0),
(87, 21, 6, 0, 0, 3680, 0, 3680, 0, 3680, 0, 3680, 0, 0, 0),
(87, 21, 6, 0, 0, 0, 0, 0, 0, 0, 0, 0, 0, 0, 0),
(88, 21, 6, 0, 0, 0, 3680, 0, 0, 3680, 0, 0, 3680, 0, 0),
(88, 21, 6, 0, 0, 0, 0, 0, 0, 0, 0, 0, 0, 0, 0),
(89, 21, 6, 0, 0, 0, 3680, 0, 0, 0, 0, 0, 3680, 0, 0),
(89, 21, 6, 0, 0, 0, 0, 0, 0, 0, 0, 0, 0, 0, 0),
(90, 21, 6, 0, 0, 7360, 11040, 7360, 0, 14720, 0, 7360, 11040, 0, 0),
(90, 21, 6, 0, 0, 0, 0, 0, 0, 0, 0, 0, 0, 0, 0);

-- --------------------------------------------------------

--
-- Estructura de tabla para la tabla `tb_ventas_austro`
--

CREATE TABLE `tb_ventas_austro` (
  `id_sub_producto` int(11) NOT NULL,
  `id_producto` int(10) NOT NULL,
  `id_linea` int(10) NOT NULL,
  `enero` int(10) NOT NULL,
  `febrero` int(10) NOT NULL,
  `marzo` int(10) NOT NULL,
  `abril` int(10) NOT NULL,
  `mayo` int(10) NOT NULL,
  `junio` int(10) NOT NULL,
  `julio` int(10) NOT NULL,
  `agosto` int(10) NOT NULL,
  `septiembre` int(10) NOT NULL,
  `octubre` int(10) NOT NULL,
  `noviembre` int(10) NOT NULL,
  `diciembre` int(10) NOT NULL
) ENGINE=InnoDB DEFAULT CHARSET=latin1;

--
-- Volcado de datos para la tabla `tb_ventas_austro`
--

INSERT INTO `tb_ventas_austro` (`id_sub_producto`, `id_producto`, `id_linea`, `enero`, `febrero`, `marzo`, `abril`, `mayo`, `junio`, `julio`, `agosto`, `septiembre`, `octubre`, `noviembre`, `diciembre`) VALUES
(1, 1, 1, 791, 791, 791, 791, 791, 791, 791, 791, 791, 791, 791, 791),
(1, 1, 1, 0, 0, 0, 0, 0, 0, 0, 0, 0, 0, 0, 0),
(2, 2, 1, 0, 0, 0, 0, 0, 0, 0, 0, 0, 0, 0, 0),
(2, 2, 1, 0, 0, 0, 0, 0, 0, 0, 0, 0, 0, 0, 0),
(3, 3, 1, 0, 6670, 6670, 6670, 6670, 6670, 6670, 6670, 6670, 6670, 6670, 6670),
(3, 3, 1, 0, 0, 0, 0, 0, 0, 0, 0, 0, 0, 0, 0),
(4, 4, 2, 853, 853, 853, 853, 853, 853, 853, 853, 853, 853, 853, 853),
(4, 4, 2, 0, 0, 0, 113, 0, 0, 0, 240, 0, 0, 0, 0),
(5, 5, 2, 40, 40, 40, 40, 40, 40, 40, 40, 40, 40, 40, 40),
(5, 5, 2, 689, 2296, 4242, 872, 68, 1550, 1263, 2006, 694, 4735, 0, 1445),
(6, 5, 2, 40, 40, 40, 40, 40, 40, 40, 40, 40, 40, 40, 40),
(6, 5, 2, 1722, 2870, 5505, 1148, 3431, 1091, 1234, 2466, 2146, 5826, 459, 861),
(7, 5, 2, 40, 40, 40, 40, 40, 40, 40, 40, 40, 40, 40, 40),
(7, 5, 2, 579, 861, 2656, 344, 2919, 1722, 832, 1320, 5861, 2365, -804, 230),
(8, 5, 2, 40, 40, 40, 40, 40, 40, 40, 40, 40, 40, 40, 40),
(8, 5, 2, 172, 459, 517, 689, 340, 115, 459, 287, 57, 804, 115, 172),
(9, 5, 2, 159, 159, 159, 159, 159, 159, 159, 159, 159, 159, 159, 159),
(9, 5, 2, 3162, 6486, 12920, 3054, 6759, 4477, 3788, 6079, 8758, 13729, -230, 2708),
(10, 6, 2, 110, 110, 110, 110, 110, 110, 110, 110, 110, 110, 110, 110),
(10, 6, 2, 0, 0, 0, 0, 0, 0, 0, 110, 0, 0, 0, 0),
(11, 6, 2, 0, 0, 0, 0, 0, 0, 0, 0, 0, 0, 0, 0),
(11, 6, 2, 0, 0, 0, 0, 0, 3200, 0, 0, 0, 0, 0, 0),
(12, 6, 2, 110, 110, 110, 110, 110, 110, 110, 110, 110, 110, 110, 110),
(12, 6, 2, 0, 0, 0, 0, 0, 0, 0, 0, 0, 0, 0, 0),
(13, 6, 2, 110, 110, 110, 110, 110, 110, 110, 110, 110, 110, 110, 110),
(13, 6, 2, 0, 0, 0, 0, 0, 0, 0, 0, 960, 0, 0, 0),
(14, 6, 2, 438, 438, 438, 438, 438, 438, 438, 438, 438, 438, 438, 438),
(14, 6, 2, 0, 0, 0, 0, 0, 3200, 0, 110, 960, 0, 0, 0),
(15, 7, 3, 1151, 1197, 1285, 1422, 1505, 1605, 1661, 1580, 1526, 1534, 1591, 1279),
(15, 7, 3, 0, 0, 0, 0, 0, 0, 0, 0, 0, 0, 0, 0),
(16, 8, 3, 1313, 1365, 1466, 1622, 1717, 1831, 1895, 1802, 1741, 1750, 1816, 1459),
(16, 8, 3, 0, 0, 0, 0, 0, 0, 0, 0, 0, 0, 0, 0),
(17, 9, 3, 0, 0, 0, 0, 0, 0, 0, 0, 0, 0, 0, 0),
(17, 9, 3, 0, 0, 0, 0, 0, 0, 0, 0, 0, 0, 0, 0),
(18, 10, 3, 0, 0, 0, 0, 0, 0, 0, 0, 0, 0, 0, 0),
(18, 10, 3, 0, 0, 0, 0, 0, 0, 0, 0, 0, 0, 0, 0),
(19, 11, 4, 28, 28, 28, 28, 28, 28, 28, 28, 28, 28, 28, 28),
(19, 11, 4, 0, 0, 0, 0, 0, 400, 0, 0, 0, 0, 0, 0),
(20, 12, 4, 55, 55, 55, 55, 55, 55, 55, 55, 55, 55, 55, 55),
(20, 12, 4, 0, 0, 0, 80, 0, 0, 90, 90, 30, 120, 60, 30),
(21, 13, 4, 0, 0, 0, 0, 0, 0, 0, 2900, 0, 5800, 0, 2900),
(21, 13, 4, 0, 0, 0, 0, 0, 0, 0, 0, 0, 0, 0, 0),
(22, 14, 6, 0, 0, 0, 0, 0, 0, 0, 0, 0, 0, 0, 0),
(22, 14, 6, 0, 0, 0, 0, 0, 0, 0, 0, 0, 0, 0, 0),
(23, 15, 2, 0, 0, 0, 6086, 6495, 6296, 8226, 8656, 10472, 9066, 8730, 9370),
(23, 15, 2, 0, 0, 0, 0, 267, 5869, 0, 915, 0, 0, 915, 0),
(24, 16, 1, 0, 0, 0, 0, 0, 2956, 2956, 2956, 2956, 2956, 2956, 2956),
(24, 16, 1, 0, 0, 0, 0, 0, 0, 0, 0, 0, 0, 0, 0),
(25, 17, 1, 0, 0, 0, 0, 0, 1295, 1295, 1295, 1295, 1295, 1295, 1295),
(25, 17, 1, 0, 0, 0, 0, 0, 0, 0, 0, 0, 830, 0, 0),
(26, 11, 4, 28, 28, 28, 28, 28, 28, 28, 28, 28, 28, 28, 28),
(26, 11, 4, 0, 0, 0, 0, 0, 0, 0, 0, 0, 0, 0, 0),
(27, 11, 4, 28, 28, 28, 28, 28, 28, 28, 28, 28, 28, 28, 28),
(27, 11, 4, 0, 0, 0, 0, 0, 0, 0, 0, 0, 0, 0, 0),
(28, 11, 4, 28, 28, 28, 28, 28, 28, 28, 28, 28, 28, 28, 28),
(28, 11, 4, 0, 0, 0, 0, 0, 0, 0, 0, 0, 0, 0, 0),
(29, 11, 4, 28, 28, 28, 28, 28, 28, 28, 28, 28, 28, 28, 28),
(29, 11, 4, 0, 0, 0, 0, 0, 0, 0, 0, 0, 0, 0, 0),
(30, 11, 4, 28, 28, 28, 28, 28, 28, 28, 28, 28, 28, 28, 28),
(30, 11, 4, 0, 0, 0, 0, 0, 0, 0, 0, 0, 0, 0, 0),
(31, 11, 4, 28, 28, 28, 28, 28, 28, 28, 28, 28, 28, 28, 28),
(31, 11, 4, 0, 0, 0, 0, 0, 0, 0, 0, 0, 0, 0, 0),
(32, 11, 4, 28, 28, 28, 28, 28, 28, 28, 28, 28, 28, 28, 28),
(32, 11, 4, 0, 0, 0, 0, 0, 0, 0, 0, 0, 0, 0, 0),
(33, 11, 4, 220, 220, 220, 220, 220, 220, 220, 220, 220, 220, 220, 220),
(33, 11, 4, 0, 0, 0, 0, 0, 400, 0, 0, 0, 0, 0, 0),
(34, 8, 3, 269, 280, 301, 333, 352, 375, 388, 370, 357, 359, 372, 299),
(34, 8, 3, 0, 0, 0, 0, 0, 0, 0, 0, 0, 0, 0, 0),
(35, 8, 3, 269, 280, 301, 333, 352, 375, 388, 370, 357, 359, 372, 299),
(35, 8, 3, 0, 0, 0, 0, 0, 0, 0, 0, 0, 0, 0, 0),
(36, 8, 3, 775, 805, 865, 957, 1013, 1080, 1118, 1063, 1027, 1032, 1071, 861),
(36, 8, 3, 0, 0, 0, 0, 0, 0, 0, 0, 0, 0, 0, 0),
(37, 13, 4, 0, 0, 0, 0, 0, 0, 0, 0, 0, 0, 0, 0),
(37, 13, 4, 0, 0, 0, 0, 0, 0, 0, 0, 0, 0, 0, 0),
(38, 13, 4, 0, 0, 0, 0, 0, 0, 0, 0, 0, 0, 0, 0),
(38, 13, 4, 0, 0, 0, 0, 0, 0, 0, 0, 0, 0, 0, 0),
(39, 13, 4, 0, 0, 0, 0, 0, 0, 0, 1450, 0, 0, 0, 0),
(39, 13, 4, 0, 0, 0, 0, 0, 0, 0, 0, 0, 0, 0, 0),
(40, 13, 4, 0, 0, 0, 0, 0, 0, 0, 0, 0, 1450, 0, 0),
(40, 13, 4, 0, 0, 0, 0, 0, 0, 0, 0, 0, 0, 0, 0),
(41, 13, 4, 0, 0, 0, 0, 0, 0, 0, 0, 0, 0, 0, 1450),
(41, 13, 4, 0, 0, 0, 0, 0, 0, 0, 0, 0, 0, 0, 0),
(42, 13, 4, 0, 0, 0, 0, 0, 0, 0, 0, 0, 0, 0, 0),
(42, 13, 4, 0, 0, 0, 0, 0, 0, 0, 0, 0, 0, 0, 0),
(43, 13, 4, 0, 0, 0, 0, 0, 0, 0, 0, 0, 0, 0, 0),
(43, 13, 4, 0, 0, 0, 0, 0, 0, 0, 0, 0, 0, 0, 0),
(44, 13, 4, 0, 0, 0, 0, 0, 0, 0, 0, 0, 0, 0, 0),
(44, 13, 4, 0, 0, 0, 0, 0, 0, 0, 0, 0, 0, 0, 0),
(45, 13, 4, 0, 0, 0, 0, 0, 0, 0, 0, 0, 0, 0, 0),
(45, 13, 4, 0, 0, 0, 0, 0, 0, 0, 0, 0, 0, 0, 0),
(46, 13, 4, 0, 0, 0, 0, 0, 0, 0, 0, 0, 1450, 0, 0),
(46, 13, 4, 0, 0, 0, 0, 0, 0, 0, 0, 0, 0, 0, 0),
(47, 13, 4, 0, 0, 0, 0, 0, 0, 0, 0, 0, 0, 0, 0),
(47, 13, 4, 0, 0, 0, 0, 0, 0, 0, 0, 0, 0, 0, 0),
(48, 13, 4, 0, 0, 0, 0, 0, 0, 0, 0, 0, 0, 0, 0),
(48, 13, 4, 0, 0, 0, 0, 0, 0, 0, 0, 0, 0, 0, 0),
(49, 13, 4, 0, 0, 0, 0, 0, 0, 0, 0, 0, 0, 0, 0),
(49, 13, 4, 0, 0, 0, 0, 0, 0, 0, 0, 0, 0, 0, 0),
(50, 13, 4, 0, 0, 0, 0, 0, 0, 0, 0, 0, 0, 0, 0),
(50, 13, 4, 0, 0, 0, 0, 0, 0, 0, 0, 0, 0, 0, 0),
(51, 13, 4, 0, 0, 0, 0, 0, 0, 0, 0, 0, 0, 0, 0),
(51, 13, 4, 0, 0, 0, 0, 0, 0, 0, 0, 0, 0, 0, 0),
(52, 13, 4, 0, 0, 0, 0, 0, 0, 0, 0, 0, 1450, 0, 0),
(52, 13, 4, 0, 0, 0, 0, 0, 0, 0, 0, 0, 0, 0, 0),
(53, 13, 4, 0, 0, 0, 0, 0, 0, 0, 0, 0, 0, 0, 0),
(53, 13, 4, 0, 0, 0, 0, 0, 0, 0, 0, 0, 0, 0, 0),
(54, 13, 4, 0, 0, 0, 0, 0, 0, 0, 0, 0, 0, 0, 0),
(54, 13, 4, 0, 0, 0, 0, 0, 0, 0, 0, 0, 0, 0, 0),
(55, 13, 4, 0, 0, 0, 0, 0, 0, 0, 0, 0, 0, 0, 0),
(55, 13, 4, 0, 0, 0, 0, 0, 0, 0, 0, 0, 0, 0, 0),
(56, 13, 4, 0, 0, 0, 0, 0, 0, 0, 0, 0, 0, 0, 1450),
(56, 13, 4, 0, 0, 0, 0, 0, 0, 0, 0, 0, 0, 0, 0),
(57, 13, 4, 0, 0, 0, 0, 0, 0, 0, 0, 0, 0, 0, 0),
(57, 13, 4, 0, 0, 0, 0, 0, 0, 0, 0, 0, 0, 0, 0),
(58, 13, 4, 0, 0, 0, 0, 0, 0, 0, 0, 0, 1450, 0, 0),
(58, 13, 4, 0, 0, 0, 0, 0, 0, 0, 0, 0, 0, 0, 0),
(59, 13, 4, 0, 0, 0, 0, 0, 0, 0, 0, 0, 0, 0, 0),
(59, 13, 4, 0, 0, 0, 0, 0, 0, 0, 0, 0, 0, 0, 0),
(60, 13, 4, 0, 0, 0, 0, 0, 0, 0, 1450, 0, 0, 0, 0),
(60, 13, 4, 0, 0, 0, 0, 0, 0, 0, 0, 0, 0, 0, 0),
(61, 1, 1, 791, 791, 791, 791, 791, 791, 791, 791, 791, 791, 791, 791),
(61, 1, 1, 0, 0, 0, 0, 0, 0, 0, 0, 0, 0, 0, 0),
(62, 1, 1, 1581, 1581, 1581, 1581, 1581, 1581, 1581, 1581, 1581, 1581, 1581, 1581),
(62, 1, 1, 0, 0, 0, 0, 0, 0, 0, 0, 0, 0, 0, 0),
(63, 18, 6, 0, 1300, 1300, 0, 0, 0, 0, 0, 0, 0, 0, 0),
(63, 18, 6, 0, 0, 0, 0, 0, 0, 0, 0, 0, 0, 0, 0),
(64, 18, 6, 1300, 1300, 0, 1300, 0, 0, 0, 0, 0, 0, 0, 0),
(64, 18, 6, 0, 0, 0, 0, 0, 0, 0, 0, 0, 0, 0, 0),
(65, 18, 6, 0, 0, 1300, 0, 1300, 0, 0, 0, 0, 0, 0, 0),
(65, 18, 6, 0, 0, 0, 0, 0, 0, 0, 0, 0, 0, 0, 0),
(66, 18, 6, 0, 0, 0, 0, 1300, 1300, 0, 0, 0, 0, 0, 0),
(66, 18, 6, 0, 0, 0, 0, 0, 0, 0, 0, 0, 0, 0, 0),
(67, 18, 6, 0, 0, 0, 0, 1300, 0, 0, 0, 0, 0, 0, 0),
(67, 18, 6, 0, 0, 0, 0, 0, 0, 0, 0, 0, 0, 0, 0),
(68, 18, 6, 0, 0, 3900, 0, 5200, 1300, 0, 0, 0, 0, 0, 0),
(68, 18, 6, 0, 0, 0, 0, 0, 0, 0, 0, 0, 0, 0, 0),
(69, 19, 6, 0, 1300, 1300, 0, 0, 0, 0, 0, 0, 0, 0, 0),
(69, 19, 6, 0, 0, 0, 0, 0, 0, 0, 0, 0, 0, 0, 0),
(70, 19, 6, 0, 1300, 1300, 0, 0, 0, 0, 0, 0, 0, 0, 0),
(70, 19, 6, 0, 0, 0, 0, 0, 0, 0, 0, 0, 0, 0, 0),
(71, 19, 6, 0, 0, 1300, 0, 1300, 0, 0, 0, 0, 0, 0, 0),
(71, 19, 6, 0, 0, 0, 0, 0, 0, 0, 0, 0, 0, 0, 0),
(72, 19, 6, 0, 1300, 1300, 0, 0, 0, 0, 0, 0, 0, 0, 0),
(72, 19, 6, 0, 0, 0, 0, 0, 0, 0, 0, 0, 0, 0, 0),
(73, 19, 6, 0, 3900, 5200, 0, 1300, 0, 0, 0, 0, 0, 0, 0),
(73, 19, 6, 0, 0, 0, 0, 0, 0, 0, 0, 0, 0, 0, 0),
(74, 20, 6, 0, 0, 0, 0, 0, 0, 1500, 0, 0, 0, 0, 0),
(74, 20, 6, 0, 0, 0, 0, 0, 0, 0, 0, 0, 0, 0, 0),
(75, 20, 6, 0, 0, 0, 0, 0, 0, 0, 0, 0, 0, 0, 0),
(75, 20, 6, 0, 0, 0, 0, 0, 0, 0, 0, 0, 0, 0, 0),
(76, 20, 6, 0, 0, 0, 0, 0, 0, 1500, 0, 0, 0, 0, 0),
(76, 20, 6, 0, 0, 0, 0, 0, 0, 0, 0, 0, 0, 0, 0),
(77, 20, 6, 0, 0, 0, 0, 0, 0, 0, 0, 0, 0, 0, 0),
(77, 20, 6, 0, 0, 0, 0, 0, 0, 0, 0, 0, 0, 0, 0),
(78, 20, 6, 0, 0, 0, 0, 0, 0, 1500, 0, 0, 0, 0, 0),
(78, 20, 6, 0, 0, 0, 0, 0, 0, 0, 0, 0, 0, 0, 0),
(79, 20, 6, 0, 0, 0, 0, 0, 0, 0, 0, 0, 0, 0, 0),
(79, 20, 6, 0, 0, 0, 0, 0, 0, 0, 0, 0, 0, 0, 0),
(80, 20, 6, 0, 0, 0, 0, 0, 0, 1500, 0, 0, 0, 0, 0),
(80, 20, 6, 0, 0, 0, 0, 0, 0, 0, 0, 0, 0, 0, 0),
(81, 20, 6, 0, 0, 0, 0, 0, 0, 0, 0, 0, 0, 0, 0),
(81, 20, 6, 0, 0, 0, 0, 0, 0, 0, 0, 0, 0, 0, 0),
(82, 20, 6, 0, 0, 0, 0, 0, 0, 1500, 0, 0, 0, 0, 0),
(82, 20, 6, 0, 0, 0, 0, 0, 0, 0, 0, 0, 0, 0, 0),
(83, 20, 6, 0, 0, 0, 0, 0, 0, 0, 0, 0, 0, 0, 0),
(83, 20, 6, 0, 0, 0, 0, 0, 0, 0, 0, 0, 0, 0, 0),
(84, 20, 6, 0, 0, 0, 0, 0, 0, 7500, 0, 0, 0, 0, 0),
(84, 20, 6, 0, 0, 0, 0, 0, 0, 0, 0, 0, 0, 0, 0),
(85, 21, 6, 0, 0, 0, 0, 0, 0, 3680, 0, 0, 0, 0, 0),
(85, 21, 6, 0, 0, 0, 0, 0, 0, 0, 0, 0, 0, 0, 0),
(86, 21, 6, 0, 0, 0, 0, 3680, 0, 0, 0, 0, 0, 0, 0),
(86, 21, 6, 0, 0, 0, 0, 0, 0, 0, 0, 0, 0, 0, 0),
(87, 21, 6, 0, 0, 0, 0, 0, 0, 3680, 0, 0, 0, 0, 0),
(87, 21, 6, 0, 0, 0, 0, 0, 0, 0, 0, 0, 0, 0, 0),
(88, 21, 6, 0, 0, 0, 0, 0, 0, 0, 0, 0, 0, 0, 0),
(88, 21, 6, 0, 0, 0, 0, 0, 0, 0, 0, 0, 0, 0, 0),
(89, 21, 6, 0, 0, 0, 0, 0, 0, 0, 0, 0, 0, 0, 0),
(89, 21, 6, 0, 0, 0, 0, 0, 0, 0, 0, 0, 0, 0, 0),
(90, 21, 6, 0, 0, 0, 0, 3680, 0, 7360, 0, 0, 0, 0, 0),
(90, 21, 6, 0, 0, 0, 0, 0, 0, 0, 0, 0, 0, 0, 0);

-- --------------------------------------------------------

--
-- Estructura de tabla para la tabla `tb_ventas_cant`
--

CREATE TABLE `tb_ventas_cant` (
  `id_sub_producto` int(100) NOT NULL,
  `id_producto` int(10) NOT NULL,
  `id_linea` int(10) NOT NULL,
  `enero` int(10) NOT NULL,
  `febrero` int(10) NOT NULL,
  `marzo` int(10) NOT NULL,
  `abril` int(10) NOT NULL,
  `mayo` int(10) NOT NULL,
  `junio` int(10) NOT NULL,
  `julio` int(10) NOT NULL,
  `agosto` int(10) NOT NULL,
  `septiembre` int(11) NOT NULL,
  `octubre` int(11) NOT NULL,
  `noviembre` int(11) NOT NULL,
  `diciembre` int(11) NOT NULL
) ENGINE=InnoDB DEFAULT CHARSET=latin1;

--
-- Volcado de datos para la tabla `tb_ventas_cant`
--

INSERT INTO `tb_ventas_cant` (`id_sub_producto`, `id_producto`, `id_linea`, `enero`, `febrero`, `marzo`, `abril`, `mayo`, `junio`, `julio`, `agosto`, `septiembre`, `octubre`, `noviembre`, `diciembre`) VALUES
(1, 1, 1, 1960, 1960, 1960, 1960, 1960, 1960, 1960, 1960, 1960, 1960, 1960, 1960),
(1, 1, 1, 3652, 3403, 4252, 954, 0, 0, 0, 0, 35, 0, 0, 0),
(2, 2, 1, 22534, 22534, 22534, 22534, 22534, 22534, 22534, 22534, 22534, 22534, 22534, 22534),
(2, 2, 1, 24224, 19347, 22956, 21680, 22200, 20164, 25322, 22444, 22380, 23863, 25172, 22212),
(3, 3, 1, 0, 40, 40, 90, 204, 346, 412, 412, 508, 508, 508, 511),
(3, 3, 1, 0, 44, 45, 0, 52, 52, 62, 142, 63, 149, 163, 1250),
(4, 4, 2, 750, 750, 750, 750, 750, 750, 750, 750, 750, 750, 750, 750),
(4, 4, 2, 0, 0, 0, 16, 112, 252, 7, 0, -27, 435, 16, 55),
(5, 5, 2, 13938, 13938, 13938, 13938, 13938, 13938, 13938, 13938, 13938, 13938, 13938, 13938),
(5, 5, 2, 338000, 153000, 136400, 158800, 212200, -25900, 191000, 60000, 28100, 119000, 107000, 101200),
(6, 5, 2, 13938, 13938, 13938, 13938, 13938, 13938, 13938, 13938, 13938, 13938, 13938, 13938),
(6, 5, 2, 754000, 173700, 636400, 579300, 732000, 362000, 232100, 243700, 80000, 341800, 331000, 101000),
(7, 5, 2, 13938, 13938, 13938, 13938, 13938, 13938, 13938, 13938, 13938, 13938, 13938, 13938),
(7, 5, 2, 105000, 48900, 70300, 263400, 137000, 290000, -3300, 107000, 136100, 207600, 122400, 106000),
(8, 5, 2, 13938, 13938, 13938, 13938, 13938, 13938, 13938, 13938, 13938, 13938, 13938, 13938),
(8, 5, 2, 9000, 14100, 15000, 17400, 10600, 15000, 15000, 11000, 10000, 19000, 2000, 16000),
(9, 5, 2, 55750, 55750, 55750, 55750, 55750, 55750, 55750, 55750, 55750, 55750, 55750, 55750),
(9, 5, 2, 1206000, 389700, 858100, 1018900, 1091800, 641100, 434800, 421700, 254200, 687400, 562400, 324200),
(10, 6, 2, 34, 34, 34, 34, 34, 34, 34, 34, 34, 34, 34, 34),
(10, 6, 2, 0, 120, 210, 0, 0, 250, 0, 5, 0, 420, 0, 200),
(11, 6, 2, 34, 34, 34, 34, 34, 34, 34, 34, 34, 34, 34, 34),
(11, 6, 2, 20, 0, 50, 0, 0, 100, 0, 0, 0, 0, 0, 0),
(12, 6, 2, 34, 34, 34, 34, 34, 34, 34, 34, 34, 34, 34, 34),
(12, 6, 2, 0, 0, 0, 0, 0, 0, 0, 0, 0, 0, 0, 0),
(13, 6, 2, 34, 34, 34, 34, 34, 34, 34, 34, 34, 34, 34, 34),
(13, 6, 2, 0, 0, 0, 0, 0, 165, 0, 0, 180, 0, 0, 195),
(14, 6, 2, 136, 136, 136, 136, 136, 136, 136, 136, 136, 136, 136, 136),
(14, 6, 2, 20, 120, 260, 0, 0, 515, 0, 5, 180, 420, 0, 395),
(19, 11, 4, 1, 1, 1, 1, 1, 1, 1, 1, 1, 1, 1, 1),
(19, 11, 4, 0, 0, 0, 0, 4, 3, 0, 0, 3, 1, 5, 1),
(20, 12, 4, 13, 13, 13, 13, 13, 13, 13, 13, 13, 13, 13, 13),
(20, 12, 4, 0, 0, 0, 3, 11, 5, 7, 3, 11, 4, 3, 3),
(21, 13, 4, 0, 0, 0, 0, 0, 0, 0, 24, 0, 24, 0, 24),
(21, 13, 4, 0, 0, 0, 0, 0, 0, 0, 0, 1, 23, 8, 13),
(22, 14, 6, 0, 0, 0, 0, 0, 0, 0, 0, 0, 0, 0, 0),
(22, 14, 6, 0, 0, 0, 0, 0, 0, 0, 0, 0, 0, 0, 0),
(24, 16, 1, 0, 0, 0, 0, 0, 875, 1775, 4625, 5825, 5825, 5825, 5900),
(24, 16, 1, 0, 0, 0, 0, 0, 0, 0, 0, 0, 3044, 2537, 1540),
(25, 17, 1, 0, 0, 0, 0, 0, 17, 29, 48, 68, 81, 62, 68),
(25, 17, 1, 0, 24, 0, 0, 0, 0, 0, 208, 0, 99, 31, 45),
(26, 11, 4, 1, 1, 1, 1, 1, 1, 1, 1, 1, 1, 1, 1),
(26, 11, 4, 0, 0, 0, 0, 4, 0, 0, 0, 1, 0, 2, 0),
(27, 11, 4, 1, 1, 1, 1, 1, 1, 1, 1, 1, 1, 1, 1),
(27, 11, 4, 0, 0, 0, 0, 3, 0, 0, 3, 4, 2, 1, 1),
(28, 11, 4, 1, 1, 1, 1, 1, 1, 1, 1, 1, 1, 1, 1),
(28, 11, 4, 0, 0, 0, 0, 3, 0, 0, 0, 0, 0, 0, 0),
(29, 11, 4, 1, 1, 1, 1, 1, 1, 1, 1, 1, 1, 1, 1),
(29, 11, 4, 0, 0, 0, 1, 3, 0, 0, 0, 3, 2, 0, 0),
(30, 11, 4, 1, 1, 1, 1, 1, 1, 1, 1, 1, 1, 1, 1),
(30, 11, 4, 0, 0, 0, 0, 3, 0, 0, 1, 0, 0, 0, 0),
(31, 11, 4, 1, 1, 1, 1, 1, 1, 1, 1, 1, 1, 1, 1),
(31, 11, 4, 0, 0, 0, 0, 2, 1, 0, 0, 3, 1, 0, 0),
(32, 11, 4, 1, 1, 1, 1, 1, 1, 1, 1, 1, 1, 1, 1),
(32, 11, 4, 0, 0, 0, 0, 2, 0, 0, 0, 0, 1, 0, 1),
(33, 11, 4, 5, 5, 5, 5, 5, 5, 5, 5, 5, 5, 5, 5),
(33, 11, 4, 0, 0, 0, 1, 24, 4, 0, 4, 14, 7, 8, 3),
(37, 13, 4, 0, 0, 0, 0, 0, 0, 0, 1, 0, 1, 0, 1),
(37, 13, 4, 0, 0, 0, 0, 0, 0, 0, 0, 0, 3, 1, 3),
(38, 13, 4, 0, 0, 0, 0, 0, 0, 0, 1, 0, 1, 0, 1),
(38, 13, 4, 0, 0, 0, 0, 0, 0, 0, 0, 0, 0, 0, 1),
(39, 13, 4, 0, 0, 0, 0, 0, 0, 0, 1, 0, 1, 0, 1),
(39, 13, 4, 0, 0, 0, 0, 0, 0, 0, 0, 0, 4, 0, 1),
(40, 13, 4, 0, 0, 0, 0, 0, 0, 0, 1, 0, 1, 0, 1),
(40, 13, 4, 0, 0, 0, 0, 0, 0, 0, 0, 0, 2, 1, 2),
(41, 13, 4, 0, 0, 0, 0, 0, 0, 0, 1, 0, 1, 0, 1),
(41, 13, 4, 0, 0, 0, 0, 0, 0, 0, 0, 0, 0, 0, 0),
(42, 13, 4, 0, 0, 0, 0, 0, 0, 0, 1, 0, 1, 0, 1),
(42, 13, 4, 0, 0, 0, 0, 0, 0, 0, 0, 0, 1, 0, 1),
(43, 13, 4, 0, 0, 0, 0, 0, 0, 0, 1, 0, 1, 0, 1),
(43, 13, 4, 0, 0, 0, 0, 0, 0, 0, 0, 0, 2, 0, 0),
(44, 13, 4, 0, 0, 0, 0, 0, 0, 0, 1, 0, 1, 0, 1),
(44, 13, 4, 0, 0, 0, 0, 0, 0, 0, 0, 0, 0, 2, 0),
(45, 13, 4, 0, 0, 0, 0, 0, 0, 0, 1, 0, 1, 0, 1),
(45, 13, 4, 0, 0, 0, 0, 0, 0, 0, 0, 0, 0, 1, 0),
(46, 13, 4, 0, 0, 0, 0, 0, 0, 0, 1, 0, 1, 0, 1),
(46, 13, 4, 0, 0, 0, 0, 0, 0, 0, 0, 0, 3, 0, 0),
(47, 13, 4, 0, 0, 0, 0, 0, 0, 0, 1, 0, 1, 0, 1),
(47, 13, 4, 0, 0, 0, 0, 0, 0, 0, 0, 0, 0, 1, 1),
(48, 13, 4, 0, 0, 0, 0, 0, 0, 0, 1, 0, 1, 0, 1),
(48, 13, 4, 0, 0, 0, 0, 0, 0, 0, 0, 0, 0, 0, 0),
(49, 13, 4, 0, 0, 0, 0, 0, 0, 0, 1, 0, 1, 0, 1),
(49, 13, 4, 0, 0, 0, 0, 0, 0, 0, 0, 0, 0, 0, 1),
(50, 13, 4, 0, 0, 0, 0, 0, 0, 0, 1, 0, 1, 0, 1),
(50, 13, 4, 0, 0, 0, 0, 0, 0, 0, 0, 0, 2, 1, 1),
(51, 13, 4, 0, 0, 0, 0, 0, 0, 0, 1, 0, 1, 0, 1),
(51, 13, 4, 0, 0, 0, 0, 0, 0, 0, 0, 0, 0, 0, 1),
(52, 13, 4, 0, 0, 0, 0, 0, 0, 0, 1, 0, 1, 0, 1),
(52, 13, 4, 0, 0, 0, 0, 0, 0, 0, 0, 0, 0, 0, 0),
(53, 13, 4, 0, 0, 0, 0, 0, 0, 0, 1, 0, 1, 0, 1),
(53, 13, 4, 0, 0, 0, 0, 0, 0, 0, 0, 0, 0, 1, 0),
(54, 13, 4, 0, 0, 0, 0, 0, 0, 0, 1, 0, 1, 0, 1),
(54, 13, 4, 0, 0, 0, 0, 0, 0, 0, 0, 0, 3, 0, 0),
(55, 13, 4, 0, 0, 0, 0, 0, 0, 0, 1, 0, 1, 0, 1),
(55, 13, 4, 0, 0, 0, 0, 0, 0, 0, 0, 0, 0, 0, 0),
(56, 13, 4, 0, 0, 0, 0, 0, 0, 0, 1, 0, 1, 0, 1),
(56, 13, 4, 0, 0, 0, 0, 0, 0, 0, 0, 0, 0, 0, 0),
(57, 13, 4, 0, 0, 0, 0, 0, 0, 0, 1, 0, 1, 0, 1),
(57, 13, 4, 0, 0, 0, 0, 0, 0, 0, 0, 0, 1, 0, 0),
(58, 13, 4, 0, 0, 0, 0, 0, 0, 0, 1, 0, 1, 0, 1),
(58, 13, 4, 0, 0, 0, 0, 0, 0, 0, 0, 0, 2, 0, 1),
(59, 13, 4, 0, 0, 0, 0, 0, 0, 0, 1, 0, 1, 0, 1),
(59, 13, 4, 0, 0, 0, 0, 0, 0, 0, 0, 0, 0, 0, 0),
(60, 13, 4, 0, 0, 0, 0, 0, 0, 0, 1, 0, 1, 0, 1),
(60, 13, 4, 0, 0, 0, 0, 0, 0, 0, 0, 0, 0, 0, 0),
(61, 1, 1, 1960, 1960, 1960, 1960, 1960, 1960, 1960, 1960, 1960, 1960, 1960, 1960),
(61, 1, 1, 0, 0, 0, 2950, 3150, 3900, 4200, 3510, 1715, 1650, 1155, 2400),
(62, 1, 1, 3920, 3920, 3920, 3920, 3920, 3920, 3920, 3920, 3920, 3920, 3920, 3920),
(62, 1, 1, 3652, 3403, 4252, 3904, 3150, 3900, 4200, 3510, 1750, 1650, 1155, 2400),
(63, 18, 6, 1, 1, 1, 1, 1, 1, 1, 1, 1, 1, 1, 1),
(63, 18, 6, 0, 0, 0, 0, 0, 0, 0, 0, 0, 0, 0, 0),
(64, 18, 6, 1, 1, 1, 1, 1, 1, 1, 2, 1, 1, 1, 1),
(64, 18, 6, 0, 0, 0, 0, 0, 0, 0, 0, 0, 0, 0, 0),
(65, 18, 6, 0, 1, 1, 1, 1, 1, 1, 1, 1, 1, 1, 0),
(65, 18, 6, 0, 0, 0, 0, 0, 0, 0, 0, 0, 0, 0, 0),
(66, 18, 6, 0, 0, 0, 1, 1, 1, 1, 1, 1, 1, 1, 0),
(66, 18, 6, 0, 0, 0, 0, 0, 0, 0, 0, 0, 0, 0, 0),
(67, 18, 6, 0, 0, 0, 1, 1, 1, 1, 1, 1, 1, 0, 0),
(67, 18, 6, 0, 0, 0, 0, 0, 0, 0, 0, 0, 0, 0, 0),
(68, 18, 6, 2, 3, 3, 5, 5, 5, 5, 6, 5, 5, 4, 2),
(68, 18, 6, 0, 0, 0, 0, 0, 0, 0, 0, 0, 0, 0, 0),
(69, 19, 6, 1, 1, 1, 1, 1, 1, 1, 1, 1, 1, 1, 1),
(69, 19, 6, 0, 0, 0, 0, 0, 0, 0, 0, 0, 0, 0, 0),
(70, 19, 6, 0, 1, 1, 1, 1, 1, 1, 1, 1, 1, 1, 0),
(70, 19, 6, 0, 0, 0, 0, 0, 0, 0, 0, 0, 0, 0, 0),
(71, 19, 6, 0, 0, 1, 1, 1, 1, 1, 1, 1, 1, 0, 0),
(71, 19, 6, 0, 0, 0, 0, 0, 0, 0, 0, 0, 0, 0, 0),
(72, 19, 6, 0, 1, 1, 1, 1, 1, 1, 1, 1, 1, 1, 0),
(72, 19, 6, 0, 0, 0, 0, 0, 0, 0, 0, 0, 0, 0, 0),
(73, 19, 6, 1, 3, 4, 4, 4, 4, 4, 4, 4, 4, 3, 1),
(73, 19, 6, 0, 0, 0, 0, 0, 0, 0, 0, 0, 0, 0, 0),
(74, 20, 6, 0, 0, 0, 1, 0, 0, 1, 0, 0, 1, 0, 0),
(74, 20, 6, 0, 0, 0, 0, 0, 0, 0, 0, 0, 0, 0, 0),
(75, 20, 6, 0, 0, 0, 1, 0, 0, 1, 0, 0, 1, 0, 0),
(75, 20, 6, 0, 0, 0, 0, 0, 0, 0, 0, 0, 0, 0, 0),
(76, 20, 6, 0, 0, 0, 1, 0, 0, 1, 0, 0, 1, 0, 0),
(76, 20, 6, 0, 0, 0, 0, 0, 0, 0, 0, 0, 0, 0, 0),
(77, 20, 6, 0, 0, 0, 1, 0, 0, 1, 0, 0, 1, 0, 0),
(77, 20, 6, 0, 0, 0, 0, 0, 0, 0, 0, 0, 0, 0, 0),
(78, 20, 6, 0, 0, 0, 1, 0, 0, 1, 0, 0, 1, 0, 0),
(78, 20, 6, 0, 0, 0, 0, 0, 0, 0, 0, 0, 0, 0, 0),
(79, 20, 6, 0, 0, 0, 1, 0, 0, 1, 0, 0, 1, 0, 0),
(79, 20, 6, 0, 0, 0, 0, 0, 0, 0, 0, 0, 0, 0, 0),
(80, 20, 6, 0, 0, 0, 1, 0, 0, 1, 0, 0, 1, 0, 0),
(80, 20, 6, 0, 0, 0, 0, 0, 0, 0, 0, 0, 0, 0, 0),
(81, 20, 6, 0, 0, 0, 1, 0, 0, 1, 0, 0, 1, 0, 0),
(81, 20, 6, 0, 0, 0, 0, 0, 0, 0, 0, 0, 0, 0, 0),
(82, 20, 6, 0, 0, 0, 1, 0, 0, 1, 0, 0, 1, 0, 0),
(82, 20, 6, 0, 0, 0, 0, 0, 0, 0, 0, 0, 0, 0, 0),
(83, 20, 6, 0, 0, 0, 1, 0, 0, 1, 0, 0, 1, 0, 0),
(83, 20, 6, 0, 0, 0, 0, 0, 0, 0, 0, 0, 0, 0, 0),
(84, 20, 6, 0, 0, 0, 10, 0, 0, 10, 0, 0, 10, 0, 0),
(84, 20, 6, 0, 0, 0, 0, 0, 0, 0, 0, 0, 0, 0, 0),
(85, 21, 6, 0, 0, 0, 1, 0, 0, 1, 0, 0, 1, 0, 0),
(85, 21, 6, 0, 0, 0, 0, 0, 0, 0, 0, 0, 0, 0, 0),
(86, 21, 6, 0, 0, 1, 0, 1, 0, 1, 0, 1, 0, 0, 0),
(86, 21, 6, 0, 0, 0, 0, 0, 0, 0, 0, 0, 0, 0, 0),
(87, 21, 6, 0, 0, 1, 0, 1, 0, 1, 0, 1, 0, 0, 0),
(87, 21, 6, 0, 0, 0, 0, 0, 0, 0, 0, 0, 0, 0, 0),
(88, 21, 6, 0, 0, 0, 1, 0, 0, 1, 0, 0, 1, 0, 0),
(88, 21, 6, 0, 0, 0, 0, 0, 0, 0, 0, 0, 0, 0, 0),
(89, 21, 6, 0, 0, 0, 1, 0, 0, 0, 0, 0, 1, 0, 0),
(89, 21, 6, 0, 0, 0, 0, 0, 0, 0, 0, 0, 0, 0, 0),
(90, 21, 6, 0, 0, 2, 3, 2, 0, 4, 0, 2, 3, 0, 0),
(90, 21, 6, 0, 0, 0, 0, 0, 0, 0, 0, 0, 0, 0, 0);

-- --------------------------------------------------------

--
-- Estructura de tabla para la tabla `tb_ventas_costa`
--

CREATE TABLE `tb_ventas_costa` (
  `id_sub_producto` int(11) NOT NULL,
  `id_producto` int(10) NOT NULL,
  `id_linea` int(10) NOT NULL,
  `enero` int(10) NOT NULL,
  `febrero` int(10) NOT NULL,
  `marzo` int(10) NOT NULL,
  `abril` int(10) NOT NULL,
  `mayo` int(10) NOT NULL,
  `junio` int(10) NOT NULL,
  `julio` int(10) NOT NULL,
  `agosto` int(10) NOT NULL,
  `septiembre` int(10) NOT NULL,
  `octubre` int(10) NOT NULL,
  `noviembre` int(10) NOT NULL,
  `diciembre` int(10) NOT NULL
) ENGINE=InnoDB DEFAULT CHARSET=latin1;

--
-- Volcado de datos para la tabla `tb_ventas_costa`
--

INSERT INTO `tb_ventas_costa` (`id_sub_producto`, `id_producto`, `id_linea`, `enero`, `febrero`, `marzo`, `abril`, `mayo`, `junio`, `julio`, `agosto`, `septiembre`, `octubre`, `noviembre`, `diciembre`) VALUES
(1, 1, 1, 1687, 1687, 1687, 1687, 1687, 1687, 1687, 1687, 1687, 1687, 1687, 1687),
(1, 1, 1, 2520, 2160, 2160, 2880, 0, 0, 0, 0, 123, 0, 0, 0),
(2, 2, 1, 14982, 14982, 14982, 14982, 14982, 14982, 14982, 14982, 14982, 14982, 14982, 14982),
(2, 2, 1, 7428, 8332, 3557, 6326, 4009, 4721, 4575, 5131, 1471, 4843, 2588, 3467),
(3, 3, 1, 0, 6670, 6670, 6670, 6670, 6670, 6670, 6670, 6670, 6670, 6670, 6670),
(3, 3, 1, 0, 0, 0, 0, 0, 0, 0, 8800, 0, 0, 0, 90600),
(4, 4, 2, 8190, 8190, 8190, 8190, 8190, 8190, 8190, 8190, 8190, 8190, 8190, 8190),
(4, 4, 2, 0, 0, 0, 0, 450, 0, 0, 238, 0, 2132, 258, 578),
(5, 5, 2, 381, 381, 381, 381, 381, 381, 381, 381, 381, 381, 381, 381),
(5, 5, 2, 1091, 861, 3006, 1843, 3144, 1033, 574, 689, 344, 976, 1370, 2526),
(6, 5, 2, 381, 381, 381, 381, 381, 381, 381, 381, 381, 381, 381, 381),
(6, 5, 2, 459, 4171, 29890, 2330, 2915, 3026, 1940, 3785, 1431, 3196, 5614, 1942),
(7, 5, 2, 381, 381, 381, 381, 381, 381, 381, 381, 381, 381, 381, 381),
(7, 5, 2, 855, 1318, 866, 2138, 3372, 1493, 630, 1146, 1373, 1250, 1181, 966),
(8, 5, 2, 381, 381, 381, 381, 381, 381, 381, 381, 381, 381, 381, 381),
(8, 5, 2, 0, 172, 57, 57, 0, 57, 0, 0, 0, 0, 0, 518),
(9, 5, 2, 1525, 1525, 1525, 1525, 1525, 1525, 1525, 1525, 1525, 1525, 1525, 1525),
(9, 5, 2, 2405, 6522, 33820, 6368, 9431, 5609, 3143, 5620, 3148, 5422, 8165, 5951),
(10, 6, 2, 274, 274, 274, 274, 274, 274, 274, 274, 274, 274, 274, 274),
(10, 6, 2, 0, 0, 0, 0, 0, 0, 0, 0, 0, 0, 0, 0),
(11, 6, 2, 274, 274, 274, 274, 274, 274, 274, 274, 274, 274, 274, 274),
(11, 6, 2, 0, 0, 0, 0, 0, 0, 0, 0, 0, 0, 0, 0),
(12, 6, 2, 274, 274, 274, 274, 274, 274, 274, 274, 274, 274, 274, 274),
(12, 6, 2, 0, 0, 0, 0, 0, 0, 0, 0, 0, 0, 0, 0),
(13, 6, 2, 274, 274, 274, 274, 274, 274, 274, 274, 274, 274, 274, 274),
(13, 6, 2, 0, 0, 0, 0, 0, 3680, 0, 0, 4800, 0, 0, 20),
(14, 6, 2, 1095, 1095, 1095, 1095, 1095, 1095, 1095, 1095, 1095, 1095, 1095, 1095),
(14, 6, 2, 0, 0, 0, 0, 0, 3680, 0, 0, 4800, 0, 0, 20),
(15, 7, 3, 92931, 96619, 103762, 114795, 121494, 129570, 134086, 127561, 123200, 123836, 128487, 103266),
(15, 7, 3, 71884, 97409, 189979, 130300, 80634, 93736, 57563, 88883, 143131, 90450, 99055, 63020),
(16, 8, 3, 24362, 25329, 27202, 30094, 31850, 33967, 35151, 33441, 32297, 32464, 33684, 27072),
(16, 8, 3, 0, 9934, 66823, 55795, 11904, 9501, 49277, 19078, 10454, 38402, 39851, 33398),
(17, 9, 3, 0, 0, 0, 0, 0, 0, 0, 0, 0, 0, 0, 0),
(17, 9, 3, 0, 0, 0, 0, 0, 0, 0, 0, 0, 0, 0, 0),
(18, 10, 3, 0, 0, 0, 0, 0, 0, 0, 0, 0, 0, 0, 0),
(18, 10, 3, 0, 0, 0, 0, 0, 0, 0, 0, 0, 0, 0, 0),
(19, 11, 4, 70, 70, 70, 70, 70, 70, 70, 70, 70, 70, 70, 70),
(19, 11, 4, 0, 0, 0, 0, 1600, 0, 0, 0, 0, 0, 0, 0),
(20, 12, 4, 140, 140, 140, 140, 140, 140, 140, 140, 140, 140, 140, 140),
(20, 12, 4, 0, 0, 0, 0, 0, 0, 0, 0, 0, 0, 0, 0),
(21, 13, 4, 0, 0, 0, 0, 0, 0, 0, 8700, 0, 11600, 0, 8700),
(21, 13, 4, 0, 0, 0, 0, 0, 0, 0, 0, 0, 0, 0, 0),
(22, 14, 6, 0, 0, 0, 0, 0, 0, 0, 0, 0, 0, 0, 0),
(22, 14, 6, 0, 0, 0, 0, 0, 0, 0, 0, 0, 0, 0, 0),
(23, 15, 2, 0, 0, 0, 30428, 32474, 31478, 41131, 43282, 52358, 45328, 43649, 46849),
(23, 15, 2, 0, 0, 0, 1289, 25261, 6904, 29493, 84362, 166386, 117374, 203563, 121346),
(24, 16, 1, 0, 0, 0, 0, 0, 2956, 2956, 2956, 2956, 2956, 2956, 2956),
(24, 16, 1, 0, 0, 0, 0, 0, 0, 0, 0, 0, 0, 0, 0),
(25, 17, 1, 0, 0, 0, 0, 0, 1295, 1295, 1295, 1295, 1295, 1295, 1295),
(25, 17, 1, 0, 2064, 0, 0, 0, 0, 0, 4535, 0, 5626, 1032, 4365),
(26, 11, 4, 70, 70, 70, 70, 70, 70, 70, 70, 70, 70, 70, 70),
(26, 11, 4, 0, 0, 0, 0, 800, 0, 0, 0, 0, 0, 0, 0),
(27, 11, 4, 70, 70, 70, 70, 70, 70, 70, 70, 70, 70, 70, 70),
(27, 11, 4, 0, 0, 0, 0, 800, 0, 0, 0, 0, 0, 0, 0),
(28, 11, 4, 70, 70, 70, 70, 70, 70, 70, 70, 70, 70, 70, 70),
(28, 11, 4, 0, 0, 0, 0, 800, 0, 0, 0, 0, 0, 0, 0),
(29, 11, 4, 70, 70, 70, 70, 70, 70, 70, 70, 70, 70, 70, 70),
(29, 11, 4, 0, 0, 0, 0, 800, 0, 0, 0, 0, 0, 0, 0),
(30, 11, 4, 70, 70, 70, 70, 70, 70, 70, 70, 70, 70, 70, 70),
(30, 11, 4, 0, 0, 0, 0, 800, 0, 0, 0, 0, 0, 0, 0),
(31, 11, 4, 70, 70, 70, 70, 70, 70, 70, 70, 70, 70, 70, 70),
(31, 11, 4, 0, 0, 0, 0, 800, 0, 0, 0, 0, 0, 0, 0),
(32, 11, 4, 70, 70, 70, 70, 70, 70, 70, 70, 70, 70, 70, 70),
(32, 11, 4, 0, 0, 0, 0, 800, 0, 0, 0, 0, 0, 0, 0),
(33, 11, 4, 560, 560, 560, 560, 560, 560, 560, 560, 560, 560, 560, 560),
(33, 11, 4, 0, 0, 0, 0, 7200, 0, 0, 0, 0, 0, 0, 0),
(34, 8, 3, 4994, 5192, 5576, 6169, 6529, 6963, 7206, 6855, 6621, 6655, 6905, 5550),
(34, 8, 3, 0, 1069, 18360, 18749, 648, 4255, 9288, 3931, 1899, 15417, 14357, 12585),
(35, 8, 3, 4994, 5192, 5576, 6169, 6529, 6963, 7206, 6855, 6621, 6655, 6905, 5550),
(35, 8, 3, 0, 3075, 26324, 26456, 666, 4446, 30629, 4777, 1416, 23405, 7733, 15323),
(36, 8, 3, 14374, 14944, 16049, 17755, 18792, 20041, 20739, 19730, 19055, 19154, 19873, 15972),
(36, 8, 3, 0, 5790, 22140, 10590, 10590, 800, 9360, 10370, 7140, -420, 17760, 5490),
(37, 13, 4, 0, 0, 0, 0, 0, 0, 0, 0, 0, 0, 0, 0),
(37, 13, 4, 0, 0, 0, 0, 0, 0, 0, 0, 0, 0, 0, 0),
(38, 13, 4, 0, 0, 0, 0, 0, 0, 0, 0, 0, 0, 0, 0),
(38, 13, 4, 0, 0, 0, 0, 0, 0, 0, 0, 0, 0, 0, 0),
(39, 13, 4, 0, 0, 0, 0, 0, 0, 0, 0, 0, 1450, 0, 0),
(39, 13, 4, 0, 0, 0, 0, 0, 0, 0, 0, 0, 0, 0, 0),
(40, 13, 4, 0, 0, 0, 0, 0, 0, 0, 0, 0, 0, 0, 1450),
(40, 13, 4, 0, 0, 0, 0, 0, 0, 0, 0, 0, 0, 0, 0),
(41, 13, 4, 0, 0, 0, 0, 0, 0, 0, 1450, 0, 0, 0, 0),
(41, 13, 4, 0, 0, 0, 0, 0, 0, 0, 0, 0, 0, 0, 0),
(42, 13, 4, 0, 0, 0, 0, 0, 0, 0, 0, 0, 1450, 0, 0),
(42, 13, 4, 0, 0, 0, 0, 0, 0, 0, 0, 0, 0, 0, 0),
(43, 13, 4, 0, 0, 0, 0, 0, 0, 0, 0, 0, 0, 0, 1450),
(43, 13, 4, 0, 0, 0, 0, 0, 0, 0, 0, 0, 0, 0, 0),
(44, 13, 4, 0, 0, 0, 0, 0, 0, 0, 1450, 0, 0, 0, 0),
(44, 13, 4, 0, 0, 0, 0, 0, 0, 0, 0, 0, 0, 0, 0),
(45, 13, 4, 0, 0, 0, 0, 0, 0, 0, 0, 0, 1450, 0, 0),
(45, 13, 4, 0, 0, 0, 0, 0, 0, 0, 0, 0, 0, 0, 0),
(46, 13, 4, 0, 0, 0, 0, 0, 0, 0, 0, 0, 0, 0, 1450),
(46, 13, 4, 0, 0, 0, 0, 0, 0, 0, 0, 0, 0, 0, 0),
(47, 13, 4, 0, 0, 0, 0, 0, 0, 0, 1450, 0, 0, 0, 0),
(47, 13, 4, 0, 0, 0, 0, 0, 0, 0, 0, 0, 0, 0, 0),
(48, 13, 4, 0, 0, 0, 0, 0, 0, 0, 0, 0, 1450, 0, 0),
(48, 13, 4, 0, 0, 0, 0, 0, 0, 0, 0, 0, 0, 0, 0),
(49, 13, 4, 0, 0, 0, 0, 0, 0, 0, 0, 0, 0, 0, 1450),
(49, 13, 4, 0, 0, 0, 0, 0, 0, 0, 0, 0, 0, 0, 0),
(50, 13, 4, 0, 0, 0, 0, 0, 0, 0, 1450, 0, 0, 0, 0),
(50, 13, 4, 0, 0, 0, 0, 0, 0, 0, 0, 0, 0, 0, 0),
(51, 13, 4, 0, 0, 0, 0, 0, 0, 0, 0, 0, 1450, 0, 0),
(51, 13, 4, 0, 0, 0, 0, 0, 0, 0, 0, 0, 0, 0, 0),
(52, 13, 4, 0, 0, 0, 0, 0, 0, 0, 0, 0, 0, 0, 1450),
(52, 13, 4, 0, 0, 0, 0, 0, 0, 0, 0, 0, 0, 0, 0),
(53, 13, 4, 0, 0, 0, 0, 0, 0, 0, 1450, 0, 0, 0, 0),
(53, 13, 4, 0, 0, 0, 0, 0, 0, 0, 0, 0, 0, 0, 0),
(54, 13, 4, 0, 0, 0, 0, 0, 0, 0, 0, 0, 1450, 0, 0),
(54, 13, 4, 0, 0, 0, 0, 0, 0, 0, 0, 0, 0, 0, 0),
(55, 13, 4, 0, 0, 0, 0, 0, 0, 0, 0, 0, 0, 0, 1450),
(55, 13, 4, 0, 0, 0, 0, 0, 0, 0, 0, 0, 0, 0, 0),
(56, 13, 4, 0, 0, 0, 0, 0, 0, 0, 1450, 0, 0, 0, 0),
(56, 13, 4, 0, 0, 0, 0, 0, 0, 0, 0, 0, 0, 0, 0),
(57, 13, 4, 0, 0, 0, 0, 0, 0, 0, 0, 0, 1450, 0, 0),
(57, 13, 4, 0, 0, 0, 0, 0, 0, 0, 0, 0, 0, 0, 0),
(58, 13, 4, 0, 0, 0, 0, 0, 0, 0, 0, 0, 0, 0, 0),
(58, 13, 4, 0, 0, 0, 0, 0, 0, 0, 0, 0, 0, 0, 0),
(59, 13, 4, 0, 0, 0, 0, 0, 0, 0, 0, 0, 0, 0, 0),
(59, 13, 4, 0, 0, 0, 0, 0, 0, 0, 0, 0, 0, 0, 0),
(60, 13, 4, 0, 0, 0, 0, 0, 0, 0, 0, 0, 1450, 0, 0),
(60, 13, 4, 0, 0, 0, 0, 0, 0, 0, 0, 0, 0, 0, 0),
(61, 1, 1, 1687, 1687, 1687, 1687, 1687, 1687, 1687, 1687, 1687, 1687, 1687, 1687),
(61, 1, 1, 0, 0, 0, 0, 2720, 2680, 1980, 2340, 3283, 4105, 2160, 5175),
(62, 1, 1, 3374, 3374, 3374, 3374, 3374, 3374, 3374, 3374, 3374, 3374, 3374, 3374),
(62, 1, 1, 2520, 2160, 2160, 2880, 2720, 2680, 1980, 2340, 3405, 4105, 2160, 5175),
(63, 18, 6, 0, 0, 0, 0, 0, 0, 0, 1300, 1300, 1300, 1300, 0),
(63, 18, 6, 0, 0, 0, 0, 0, 0, 0, 0, 0, 0, 0, 0),
(64, 18, 6, 0, 0, 0, 0, 0, 0, 0, 1300, 1300, 1300, 1300, 0),
(64, 18, 6, 0, 0, 0, 0, 0, 0, 0, 0, 0, 0, 0, 0),
(65, 18, 6, 0, 0, 0, 0, 0, 0, 0, 1300, 1300, 1300, 0, 0),
(65, 18, 6, 0, 0, 0, 0, 0, 0, 0, 0, 0, 0, 0, 0),
(66, 18, 6, 0, 0, 0, 0, 0, 0, 0, 0, 0, 1300, 1300, 0),
(66, 18, 6, 0, 0, 0, 0, 0, 0, 0, 0, 0, 0, 0, 0),
(67, 18, 6, 0, 0, 0, 0, 0, 0, 0, 0, 1300, 1300, 0, 0),
(67, 18, 6, 0, 0, 0, 0, 0, 0, 0, 0, 0, 0, 0, 0),
(68, 18, 6, 0, 0, 0, 0, 0, 0, 0, 3900, 5200, 6500, 3900, 0),
(68, 18, 6, 0, 0, 0, 0, 0, 0, 0, 0, 0, 0, 0, 0),
(69, 19, 6, 0, 0, 0, 0, 0, 0, 0, 1300, 1300, 1300, 1300, 0),
(69, 19, 6, 0, 0, 0, 0, 0, 0, 0, 0, 0, 0, 0, 0),
(70, 19, 6, 0, 0, 0, 0, 0, 0, 0, 1300, 1300, 1300, 0, 0),
(70, 19, 6, 0, 0, 0, 0, 0, 0, 0, 0, 0, 0, 0, 0),
(71, 19, 6, 0, 0, 0, 0, 0, 0, 0, 0, 1300, 1300, 0, 0),
(71, 19, 6, 0, 0, 0, 0, 0, 0, 0, 0, 0, 0, 0, 0),
(72, 19, 6, 0, 0, 0, 0, 0, 0, 0, 1300, 1300, 1300, 0, 0),
(72, 19, 6, 0, 0, 0, 0, 0, 0, 0, 0, 0, 0, 0, 0),
(73, 19, 6, 0, 0, 0, 0, 0, 0, 0, 3900, 5200, 5200, 1300, 0),
(73, 19, 6, 0, 0, 0, 0, 0, 0, 0, 0, 0, 0, 0, 0),
(74, 20, 6, 0, 0, 0, 0, 0, 0, 0, 0, 0, 1500, 0, 0),
(74, 20, 6, 0, 0, 0, 0, 0, 0, 0, 0, 0, 0, 0, 0),
(75, 20, 6, 0, 0, 0, 0, 0, 0, 0, 0, 0, 1500, 0, 0),
(75, 20, 6, 0, 0, 0, 0, 0, 0, 0, 0, 0, 0, 0, 0),
(76, 20, 6, 0, 0, 0, 0, 0, 0, 0, 0, 0, 1500, 0, 0),
(76, 20, 6, 0, 0, 0, 0, 0, 0, 0, 0, 0, 0, 0, 0),
(77, 20, 6, 0, 0, 0, 0, 0, 0, 0, 0, 0, 1500, 0, 0),
(77, 20, 6, 0, 0, 0, 0, 0, 0, 0, 0, 0, 0, 0, 0),
(78, 20, 6, 0, 0, 0, 0, 0, 0, 0, 0, 0, 1500, 0, 0),
(78, 20, 6, 0, 0, 0, 0, 0, 0, 0, 0, 0, 0, 0, 0),
(79, 20, 6, 0, 0, 0, 0, 0, 0, 0, 0, 0, 1500, 0, 0),
(79, 20, 6, 0, 0, 0, 0, 0, 0, 0, 0, 0, 0, 0, 0),
(80, 20, 6, 0, 0, 0, 0, 0, 0, 0, 0, 0, 1500, 0, 0),
(80, 20, 6, 0, 0, 0, 0, 0, 0, 0, 0, 0, 0, 0, 0),
(81, 20, 6, 0, 0, 0, 0, 0, 0, 0, 0, 0, 1500, 0, 0),
(81, 20, 6, 0, 0, 0, 0, 0, 0, 0, 0, 0, 0, 0, 0),
(82, 20, 6, 0, 0, 0, 0, 0, 0, 0, 0, 0, 1500, 0, 0),
(82, 20, 6, 0, 0, 0, 0, 0, 0, 0, 0, 0, 0, 0, 0),
(83, 20, 6, 0, 0, 0, 0, 0, 0, 0, 0, 0, 1500, 0, 0),
(83, 20, 6, 0, 0, 0, 0, 0, 0, 0, 0, 0, 0, 0, 0),
(84, 20, 6, 0, 0, 0, 0, 0, 0, 0, 0, 0, 15000, 0, 0),
(84, 20, 6, 0, 0, 0, 0, 0, 0, 0, 0, 0, 0, 0, 0),
(85, 21, 6, 0, 0, 0, 0, 0, 0, 0, 0, 0, 3680, 0, 0),
(85, 21, 6, 0, 0, 0, 0, 0, 0, 0, 0, 0, 0, 0, 0),
(86, 21, 6, 0, 0, 0, 0, 0, 0, 0, 0, 3680, 0, 0, 0),
(86, 21, 6, 0, 0, 0, 0, 0, 0, 0, 0, 0, 0, 0, 0),
(87, 21, 6, 0, 0, 0, 0, 0, 0, 0, 0, 3680, 0, 0, 0),
(87, 21, 6, 0, 0, 0, 0, 0, 0, 0, 0, 0, 0, 0, 0),
(88, 21, 6, 0, 0, 0, 0, 0, 0, 0, 0, 0, 3680, 0, 0),
(88, 21, 6, 0, 0, 0, 0, 0, 0, 0, 0, 0, 0, 0, 0),
(89, 21, 6, 0, 0, 0, 0, 0, 0, 0, 0, 0, 3680, 0, 0),
(89, 21, 6, 0, 0, 0, 0, 0, 0, 0, 0, 0, 0, 0, 0),
(90, 21, 6, 0, 0, 0, 0, 0, 0, 0, 0, 7360, 11040, 0, 0),
(90, 21, 6, 0, 0, 0, 0, 0, 0, 0, 0, 0, 0, 0, 0);

-- --------------------------------------------------------

--
-- Estructura de tabla para la tabla `tb_ventas_manabi`
--

CREATE TABLE `tb_ventas_manabi` (
  `id_sub_producto` int(11) NOT NULL,
  `id_producto` int(10) NOT NULL,
  `id_linea` int(10) NOT NULL,
  `enero` int(10) NOT NULL,
  `febrero` int(10) NOT NULL,
  `marzo` int(10) NOT NULL,
  `abril` int(10) NOT NULL,
  `mayo` int(10) NOT NULL,
  `junio` int(10) NOT NULL,
  `julio` int(10) NOT NULL,
  `agosto` int(10) NOT NULL,
  `septiembre` int(10) NOT NULL,
  `octubre` int(10) NOT NULL,
  `noviembre` int(10) NOT NULL,
  `diciembre` int(10) NOT NULL
) ENGINE=InnoDB DEFAULT CHARSET=latin1;

--
-- Volcado de datos para la tabla `tb_ventas_manabi`
--

INSERT INTO `tb_ventas_manabi` (`id_sub_producto`, `id_producto`, `id_linea`, `enero`, `febrero`, `marzo`, `abril`, `mayo`, `junio`, `julio`, `agosto`, `septiembre`, `octubre`, `noviembre`, `diciembre`) VALUES
(1, 1, 1, 1494, 1494, 1494, 1494, 1494, 1494, 1494, 1494, 1494, 1494, 1494, 1494),
(1, 1, 1, 3150, 3850, 3500, 0, 0, 0, 0, 0, 0, 0, 0, 0),
(2, 2, 1, 7695, 7695, 7695, 7695, 7695, 7695, 7695, 7695, 7695, 7695, 7695, 7695),
(2, 2, 1, 3983, 4057, 5065, 3107, 6386, 4652, 7114, 6282, 8078, 6691, 6889, 6280),
(3, 3, 1, 0, 6670, 6670, 6670, 6670, 6670, 6670, 6670, 6670, 6670, 6670, 6670),
(3, 3, 1, 0, 0, 0, 0, 0, 0, 0, 0, 0, 0, 0, 0),
(4, 4, 2, 853, 853, 853, 853, 853, 853, 853, 853, 853, 853, 853, 853),
(4, 4, 2, 0, 0, 0, 0, 0, 0, 0, 212, 0, 0, 0, 0),
(5, 5, 2, 40, 40, 40, 40, 40, 40, 40, 40, 40, 40, 40, 40),
(5, 5, 2, 0, 57, 230, 115, 0, 57, 115, 0, 115, 0, 115, 57),
(6, 5, 2, 40, 40, 40, 40, 40, 40, 40, 40, 40, 40, 40, 40),
(6, 5, 2, 3548, 574, 172, 230, 115, 172, 172, 230, 0, 115, 287, 115),
(7, 5, 2, 40, 40, 40, 40, 40, 40, 40, 40, 40, 40, 40, 40),
(7, 5, 2, 4108, 172, 115, 115, 172, 186, 172, 230, 115, 57, 459, 2985),
(8, 5, 2, 40, 40, 40, 40, 40, 40, 40, 40, 40, 40, 40, 40),
(8, 5, 2, 57, 115, 0, 57, 57, 287, 57, 172, 0, 57, 0, 115),
(9, 5, 2, 159, 159, 159, 159, 159, 159, 159, 159, 159, 159, 159, 159),
(9, 5, 2, 7713, 918, 517, 517, 344, 703, 517, 631, 230, 230, 861, 3272),
(10, 6, 2, 55, 55, 55, 55, 55, 55, 55, 55, 55, 55, 55, 55),
(10, 6, 2, 0, 0, 0, 0, 0, 0, 0, 0, 0, 0, 0, 0),
(11, 6, 2, 55, 55, 55, 55, 55, 55, 55, 55, 55, 55, 55, 55),
(11, 6, 2, 0, 0, 0, 0, 0, 0, 0, 0, 0, 0, 0, 0),
(12, 6, 2, 55, 55, 55, 55, 55, 55, 55, 55, 55, 55, 55, 55),
(12, 6, 2, 0, 0, 0, 0, 0, 0, 0, 0, 0, 0, 0, 0),
(13, 6, 2, 55, 55, 55, 55, 55, 55, 55, 55, 55, 55, 55, 55),
(13, 6, 2, 0, 0, 0, 0, 0, 0, 0, 0, 0, 0, 0, 0),
(14, 6, 2, 219, 219, 219, 219, 219, 219, 219, 219, 219, 219, 219, 219),
(14, 6, 2, 0, 0, 0, 0, 0, 0, 0, 0, 0, 0, 0, 0),
(15, 7, 3, 8695, 9040, 9708, 10740, 11367, 12123, 12545, 11935, 11527, 11586, 12021, 9662),
(15, 7, 3, 8434, 1994, 5350, 4987, 5998, 11421, 4267, 24878, 8445, 39311, 51, 9293),
(16, 8, 3, 9021, 9379, 10072, 11143, 11794, 12578, 13016, 12382, 11959, 12021, 12472, 10024),
(16, 8, 3, 0, 14400, 4800, 46050, 41400, 2400, 16800, 7200, 34867, 28519, 12840, 1152),
(17, 9, 3, 0, 0, 0, 0, 0, 0, 0, 0, 0, 0, 0, 0),
(17, 9, 3, 0, 0, 0, 0, 0, 0, 0, 0, 0, 0, 0, 0),
(18, 10, 3, 0, 0, 0, 0, 0, 0, 0, 0, 0, 0, 0, 0),
(18, 10, 3, 0, 0, 0, 0, 0, 0, 0, 0, 0, 0, 0, 0),
(19, 11, 4, 80, 80, 80, 80, 80, 80, 80, 80, 80, 80, 80, 80),
(19, 11, 4, 0, 0, 0, 0, 0, 900, 0, 0, 0, 450, 2250, 450),
(20, 12, 4, 160, 160, 160, 160, 160, 160, 160, 160, 160, 160, 160, 160),
(20, 12, 4, 0, 0, 0, 40, 240, 200, 160, 0, 0, 0, 40, 40),
(21, 13, 4, 0, 0, 0, 0, 0, 0, 0, 11600, 0, 5800, 0, 0),
(21, 13, 4, 0, 0, 0, 0, 0, 0, 0, 0, 0, 37950, 13200, 21450),
(22, 14, 6, 2213, 2213, 2213, 2213, 2213, 2213, 2213, 2213, 2213, 2213, 2213, 2213),
(22, 14, 6, 0, 0, 0, 0, 0, 0, 0, 0, 0, 0, 0, 0),
(23, 15, 2, 0, 0, 0, 24343, 25979, 25182, 32904, 34625, 41886, 36262, 34919, 37479),
(23, 15, 2, 0, 0, 0, 11101, 10560, 23513, 6628, 16410, 12673, 43055, 47047, 2489),
(24, 16, 1, 0, 0, 0, 0, 0, 2956, 2956, 2956, 2956, 2956, 2956, 2956),
(24, 16, 1, 0, 0, 0, 0, 0, 0, 0, 0, 0, 0, 0, 0),
(25, 17, 1, 0, 0, 0, 0, 0, 1295, 1295, 1295, 1295, 1295, 1295, 1295),
(25, 17, 1, 0, 0, 0, 0, 0, 0, 0, 0, 0, 0, 0, 0),
(26, 11, 4, 80, 80, 80, 80, 80, 80, 80, 80, 80, 80, 80, 80),
(26, 11, 4, 0, 0, 0, 0, 900, 0, 0, 0, 450, 0, 900, 0),
(27, 11, 4, 80, 80, 80, 80, 80, 80, 80, 80, 80, 80, 80, 80),
(27, 11, 4, 0, 0, 0, 0, 450, 0, 0, 1350, 450, 900, 450, 450),
(28, 11, 4, 80, 80, 80, 80, 80, 80, 80, 80, 80, 80, 80, 80),
(28, 11, 4, 0, 0, 0, 0, 450, 0, 0, 0, 0, 0, 0, 0),
(29, 11, 4, 80, 80, 80, 80, 80, 80, 80, 80, 80, 80, 80, 80),
(29, 11, 4, 0, 0, 0, 450, 450, 0, 0, 0, 0, 900, 0, 0),
(30, 11, 4, 80, 80, 80, 80, 80, 80, 80, 80, 80, 80, 80, 80),
(30, 11, 4, 0, 0, 0, 0, 450, 0, 0, 450, 0, 0, 0, 0),
(31, 11, 4, 80, 80, 80, 80, 80, 80, 80, 80, 80, 80, 80, 80),
(31, 11, 4, 0, 0, 0, 0, 0, 1600, 0, 0, 0, 450, 0, 0),
(32, 11, 4, 80, 80, 80, 80, 80, 80, 80, 80, 80, 80, 80, 80),
(32, 11, 4, 0, 0, 0, 0, 0, 0, 0, 0, 0, 270, 0, 450),
(33, 11, 4, 640, 640, 640, 640, 640, 640, 640, 640, 640, 640, 640, 640),
(33, 11, 4, 0, 0, 0, 450, 2700, 2500, 0, 1800, 900, 2970, 3600, 1350),
(34, 8, 3, 1849, 1923, 2065, 2284, 2418, 2578, 2668, 2538, 2452, 2464, 2557, 2055),
(34, 8, 3, 0, 0, 0, 0, 8100, 0, 0, 0, 2407, 1759, 3240, 486),
(35, 8, 3, 1849, 1923, 2065, 2284, 2418, 2578, 2668, 2538, 2452, 2464, 2557, 2055),
(35, 8, 3, 0, 0, 0, 0, 6750, 0, 0, 0, 2160, 2160, 0, 666),
(36, 8, 3, 5322, 5534, 5943, 6575, 6958, 7421, 7679, 7306, 7056, 7092, 7359, 5914),
(36, 8, 3, 0, 14400, 4800, 46050, 26550, 2400, 16800, 7200, 30300, 24600, 9600, 0),
(37, 13, 4, 0, 0, 0, 0, 0, 0, 0, 0, 0, 1450, 0, 1450),
(37, 13, 4, 0, 0, 0, 0, 0, 0, 0, 0, 0, 4950, 1650, 4950),
(38, 13, 4, 0, 0, 0, 0, 0, 0, 0, 1450, 0, 0, 0, 1450),
(38, 13, 4, 0, 0, 0, 0, 0, 0, 0, 0, 0, 0, 0, 1650),
(39, 13, 4, 0, 0, 0, 0, 0, 0, 0, 0, 0, 0, 0, 1450),
(39, 13, 4, 0, 0, 0, 0, 0, 0, 0, 0, 0, 6600, 0, 1650),
(40, 13, 4, 0, 0, 0, 0, 0, 0, 0, 0, 0, 0, 0, 0),
(40, 13, 4, 0, 0, 0, 0, 0, 0, 0, 0, 0, 3300, 1650, 3300),
(41, 13, 4, 0, 0, 0, 0, 0, 0, 0, 0, 0, 0, 0, 0),
(41, 13, 4, 0, 0, 0, 0, 0, 0, 0, 0, 0, 0, 0, 0),
(42, 13, 4, 0, 0, 0, 0, 0, 0, 0, 1450, 0, 0, 0, 0),
(42, 13, 4, 0, 0, 0, 0, 0, 0, 0, 0, 0, 1650, 0, 1650),
(43, 13, 4, 0, 0, 0, 0, 0, 0, 0, 0, 0, 1450, 0, 0),
(43, 13, 4, 0, 0, 0, 0, 0, 0, 0, 0, 0, 3300, 0, 0),
(44, 13, 4, 0, 0, 0, 0, 0, 0, 0, 0, 0, 0, 0, 1450),
(44, 13, 4, 0, 0, 0, 0, 0, 0, 0, 0, 0, 0, 3300, 0),
(45, 13, 4, 0, 0, 0, 0, 0, 0, 0, 1450, 0, 0, 0, 0),
(45, 13, 4, 0, 0, 0, 0, 0, 0, 0, 0, 0, 0, 1650, 0),
(46, 13, 4, 0, 0, 0, 0, 0, 0, 0, 0, 0, 0, 0, 0),
(46, 13, 4, 0, 0, 0, 0, 0, 0, 0, 0, 0, 4950, 0, 0),
(47, 13, 4, 0, 0, 0, 0, 0, 0, 0, 0, 0, 0, 0, 1450),
(47, 13, 4, 0, 0, 0, 0, 0, 0, 0, 0, 0, 0, 1650, 1650),
(48, 13, 4, 0, 0, 0, 0, 0, 0, 0, 1450, 0, 0, 0, 1450),
(48, 13, 4, 0, 0, 0, 0, 0, 0, 0, 0, 0, 0, 0, 0),
(49, 13, 4, 0, 0, 0, 0, 0, 0, 0, 0, 0, 1450, 0, 0),
(49, 13, 4, 0, 0, 0, 0, 0, 0, 0, 0, 0, 0, 0, 1650),
(50, 13, 4, 0, 0, 0, 0, 0, 0, 0, 0, 0, 0, 0, 1450),
(50, 13, 4, 0, 0, 0, 0, 0, 0, 0, 0, 0, 3300, 1650, 1650),
(51, 13, 4, 0, 0, 0, 0, 0, 0, 0, 1450, 0, 0, 0, 0),
(51, 13, 4, 0, 0, 0, 0, 0, 0, 0, 0, 0, 0, 0, 1650),
(52, 13, 4, 0, 0, 0, 0, 0, 0, 0, 0, 0, 0, 0, 0),
(52, 13, 4, 0, 0, 0, 0, 0, 0, 0, 0, 0, 0, 0, 0),
(53, 13, 4, 0, 0, 0, 0, 0, 0, 0, 0, 0, 0, 0, 1450),
(53, 13, 4, 0, 0, 0, 0, 0, 0, 0, 0, 0, 0, 1650, 0),
(54, 13, 4, 0, 0, 0, 0, 0, 0, 0, 1450, 0, 0, 0, 0),
(54, 13, 4, 0, 0, 0, 0, 0, 0, 0, 0, 0, 4950, 0, 0),
(55, 13, 4, 0, 0, 0, 0, 0, 0, 0, 0, 0, 1450, 0, 0),
(55, 13, 4, 0, 0, 0, 0, 0, 0, 0, 0, 0, 0, 0, 0),
(56, 13, 4, 0, 0, 0, 0, 0, 0, 0, 0, 0, 0, 0, 0),
(56, 13, 4, 0, 0, 0, 0, 0, 0, 0, 0, 0, 0, 0, 0),
(57, 13, 4, 0, 0, 0, 0, 0, 0, 0, 1450, 0, 0, 0, 1450),
(57, 13, 4, 0, 0, 0, 0, 0, 0, 0, 0, 0, 1650, 0, 0),
(58, 13, 4, 0, 0, 0, 0, 0, 0, 0, 0, 0, 0, 0, 1450),
(58, 13, 4, 0, 0, 0, 0, 0, 0, 0, 0, 0, 3300, 0, 1650),
(59, 13, 4, 0, 0, 0, 0, 0, 0, 0, 1450, 0, 0, 0, 1450),
(59, 13, 4, 0, 0, 0, 0, 0, 0, 0, 0, 0, 0, 0, 0),
(60, 13, 4, 0, 0, 0, 0, 0, 0, 0, 0, 0, 0, 0, 1450),
(60, 13, 4, 0, 0, 0, 0, 0, 0, 0, 0, 0, 0, 0, 0),
(61, 1, 1, 1494, 1494, 1494, 1494, 1494, 1494, 1494, 1494, 1494, 1494, 1494, 1494),
(61, 1, 1, 0, 0, 0, 3500, 3850, 3675, 7000, 5250, 0, 350, 0, 700),
(62, 1, 1, 2989, 2989, 2989, 2989, 2989, 2989, 2989, 2989, 2989, 2989, 2989, 2989),
(62, 1, 1, 3150, 3850, 3500, 3500, 3850, 3675, 7000, 5250, 0, 350, 0, 700),
(63, 18, 6, 0, 0, 0, 0, 1300, 1300, 0, 0, 0, 0, 0, 0),
(63, 18, 6, 0, 0, 0, 0, 0, 0, 0, 0, 0, 0, 0, 0),
(64, 18, 6, 0, 0, 0, 0, 0, 1300, 0, 1300, 0, 0, 0, 0),
(64, 18, 6, 0, 0, 0, 0, 0, 0, 0, 0, 0, 0, 0, 0),
(65, 18, 6, 0, 0, 0, 0, 0, 1300, 0, 0, 0, 0, 1300, 0),
(65, 18, 6, 0, 0, 0, 0, 0, 0, 0, 0, 0, 0, 0, 0),
(66, 18, 6, 0, 0, 0, 0, 0, 0, 0, 1300, 1300, 0, 0, 0),
(66, 18, 6, 0, 0, 0, 0, 0, 0, 0, 0, 0, 0, 0, 0),
(67, 18, 6, 0, 0, 0, 0, 0, 1300, 0, 1300, 0, 0, 0, 0),
(67, 18, 6, 0, 0, 0, 0, 0, 0, 0, 0, 0, 0, 0, 0),
(68, 18, 6, 0, 0, 0, 0, 1300, 5200, 0, 3900, 1300, 0, 1300, 0),
(68, 18, 6, 0, 0, 0, 0, 0, 0, 0, 0, 0, 0, 0, 0),
(69, 19, 6, 0, 0, 0, 0, 1300, 1300, 0, 0, 0, 0, 0, 0),
(69, 19, 6, 0, 0, 0, 0, 0, 0, 0, 0, 0, 0, 0, 0),
(70, 19, 6, 0, 0, 0, 0, 1300, 1300, 0, 0, 0, 0, 0, 0),
(70, 19, 6, 0, 0, 0, 0, 0, 0, 0, 0, 0, 0, 0, 0),
(71, 19, 6, 0, 0, 0, 0, 0, 1300, 0, 1300, 0, 0, 0, 0),
(71, 19, 6, 0, 0, 0, 0, 0, 0, 0, 0, 0, 0, 0, 0),
(72, 19, 6, 0, 0, 0, 0, 1300, 1300, 0, 0, 0, 0, 0, 0),
(72, 19, 6, 0, 0, 0, 0, 0, 0, 0, 0, 0, 0, 0, 0),
(73, 19, 6, 0, 0, 0, 0, 3900, 5200, 0, 1300, 0, 0, 0, 0),
(73, 19, 6, 0, 0, 0, 0, 0, 0, 0, 0, 0, 0, 0, 0),
(74, 20, 6, 0, 0, 0, 0, 0, 0, 0, 0, 0, 0, 0, 0),
(74, 20, 6, 0, 0, 0, 0, 0, 0, 0, 0, 0, 0, 0, 0),
(75, 20, 6, 0, 0, 0, 0, 0, 0, 1500, 0, 0, 0, 0, 0),
(75, 20, 6, 0, 0, 0, 0, 0, 0, 0, 0, 0, 0, 0, 0),
(76, 20, 6, 0, 0, 0, 0, 0, 0, 0, 0, 0, 0, 0, 0),
(76, 20, 6, 0, 0, 0, 0, 0, 0, 0, 0, 0, 0, 0, 0),
(77, 20, 6, 0, 0, 0, 0, 0, 0, 1500, 0, 0, 0, 0, 0),
(77, 20, 6, 0, 0, 0, 0, 0, 0, 0, 0, 0, 0, 0, 0),
(78, 20, 6, 0, 0, 0, 0, 0, 0, 0, 0, 0, 0, 0, 0),
(78, 20, 6, 0, 0, 0, 0, 0, 0, 0, 0, 0, 0, 0, 0),
(79, 20, 6, 0, 0, 0, 0, 0, 0, 1500, 0, 0, 0, 0, 0),
(79, 20, 6, 0, 0, 0, 0, 0, 0, 0, 0, 0, 0, 0, 0),
(80, 20, 6, 0, 0, 0, 0, 0, 0, 0, 0, 0, 0, 0, 0),
(80, 20, 6, 0, 0, 0, 0, 0, 0, 0, 0, 0, 0, 0, 0),
(81, 20, 6, 0, 0, 0, 0, 0, 0, 1500, 0, 0, 0, 0, 0),
(81, 20, 6, 0, 0, 0, 0, 0, 0, 0, 0, 0, 0, 0, 0),
(82, 20, 6, 0, 0, 0, 0, 0, 0, 0, 0, 0, 0, 0, 0),
(82, 20, 6, 0, 0, 0, 0, 0, 0, 0, 0, 0, 0, 0, 0),
(83, 20, 6, 0, 0, 0, 0, 0, 0, 1500, 0, 0, 0, 0, 0),
(83, 20, 6, 0, 0, 0, 0, 0, 0, 0, 0, 0, 0, 0, 0),
(84, 20, 6, 0, 0, 0, 0, 0, 0, 7500, 0, 0, 0, 0, 0),
(84, 20, 6, 0, 0, 0, 0, 0, 0, 0, 0, 0, 0, 0, 0),
(85, 21, 6, 0, 0, 0, 0, 0, 0, 0, 0, 0, 0, 0, 0),
(85, 21, 6, 0, 0, 0, 0, 0, 0, 0, 0, 0, 0, 0, 0),
(86, 21, 6, 0, 0, 0, 0, 0, 0, 3680, 0, 0, 0, 0, 0),
(86, 21, 6, 0, 0, 0, 0, 0, 0, 0, 0, 0, 0, 0, 0),
(87, 21, 6, 0, 0, 0, 0, 3680, 0, 0, 0, 0, 0, 0, 0),
(87, 21, 6, 0, 0, 0, 0, 0, 0, 0, 0, 0, 0, 0, 0),
(88, 21, 6, 0, 0, 0, 0, 0, 0, 3680, 0, 0, 0, 0, 0),
(88, 21, 6, 0, 0, 0, 0, 0, 0, 0, 0, 0, 0, 0, 0),
(89, 21, 6, 0, 0, 0, 0, 0, 0, 0, 0, 0, 0, 0, 0),
(89, 21, 6, 0, 0, 0, 0, 0, 0, 0, 0, 0, 0, 0, 0),
(90, 21, 6, 0, 0, 0, 0, 3680, 0, 7360, 0, 0, 0, 0, 0),
(90, 21, 6, 0, 0, 0, 0, 0, 0, 0, 0, 0, 0, 0, 0);

-- --------------------------------------------------------

--
-- Estructura de tabla para la tabla `tb_ventas_sierra`
--

CREATE TABLE `tb_ventas_sierra` (
  `id_sub_producto` int(11) NOT NULL,
  `id_producto` int(10) NOT NULL,
  `id_linea` int(10) NOT NULL,
  `enero` int(10) NOT NULL,
  `febrero` int(10) NOT NULL,
  `marzo` int(10) NOT NULL,
  `abril` int(10) NOT NULL,
  `mayo` int(10) NOT NULL,
  `junio` int(10) NOT NULL,
  `julio` int(10) NOT NULL,
  `agosto` int(10) NOT NULL,
  `septiembre` int(10) NOT NULL,
  `octubre` int(10) NOT NULL,
  `noviembre` int(10) NOT NULL,
  `diciembre` int(10) NOT NULL
) ENGINE=InnoDB DEFAULT CHARSET=latin1;

--
-- Volcado de datos para la tabla `tb_ventas_sierra`
--

INSERT INTO `tb_ventas_sierra` (`id_sub_producto`, `id_producto`, `id_linea`, `enero`, `febrero`, `marzo`, `abril`, `mayo`, `junio`, `julio`, `agosto`, `septiembre`, `octubre`, `noviembre`, `diciembre`) VALUES
(1, 1, 1, 2791, 2791, 2791, 2791, 2791, 2791, 2791, 2791, 2791, 2791, 2791, 2791),
(1, 1, 1, 7195, 5975, 9310, 560, 0, 0, 0, 0, 0, 0, 0, 0),
(2, 2, 1, 15406, 15406, 15406, 15406, 15406, 15406, 15406, 15406, 15406, 15406, 15406, 15406),
(2, 2, 1, 10946, 5354, 12417, 10528, 9932, 9009, 12431, 9840, 13128, 10353, 14508, 11782),
(3, 3, 1, 0, 6670, 6670, 6670, 6670, 6670, 6670, 6670, 6670, 6670, 6670, 6670),
(3, 3, 1, 0, 4315, 4413, 0, 5720, 5720, 6820, 6820, 6930, 15589, 16920, 19120),
(4, 4, 2, 7166, 7166, 7166, 7166, 7166, 7166, 7166, 7166, 7166, 7166, 7166, 7166),
(4, 4, 2, 0, 0, 0, 225, 2030, 5298, 167, -651, -641, 6999, 137, 616),
(5, 5, 2, 334, 334, 334, 334, 334, 334, 334, 334, 334, 334, 334, 334),
(5, 5, 2, 6907, 5566, 239, 4233, 6079, -1528, 6092, 474, 467, 826, 3354, 1777),
(6, 5, 2, 334, 334, 334, 334, 334, 334, 334, 334, 334, 334, 334, 334),
(6, 5, 2, 25964, 2247, 450, 24766, 25109, 11626, 7521, 5129, 1077, 7126, 15016, 1072),
(7, 5, 2, 334, 334, 334, 334, 334, 334, 334, 334, 334, 334, 334, 334),
(7, 5, 2, 349, 453, 349, 10518, 1313, 9626, -1070, 2226, 856, 5722, 4337, 3889),
(8, 5, 2, 334, 334, 334, 334, 334, 334, 334, 334, 334, 334, 334, 334),
(8, 5, 2, 287, 61, 284, 203, 217, 337, 342, 172, 487, 217, 0, 100),
(9, 5, 2, 1335, 1335, 1335, 1335, 1335, 1335, 1335, 1335, 1335, 1335, 1335, 1335),
(9, 5, 2, 33507, 8326, 1322, 39719, 32718, 20062, 12886, 8002, 2887, 13892, 22707, 6839),
(10, 6, 2, 657, 657, 657, 657, 657, 657, 657, 657, 657, 657, 657, 657),
(10, 6, 2, 0, 3363, 5886, 0, 0, 7000, 0, 0, 0, 11340, 0, 5400),
(11, 6, 2, 657, 657, 657, 657, 657, 657, 657, 657, 657, 657, 657, 657),
(11, 6, 2, 660, 0, 1650, 0, 0, 0, 0, 0, 0, 0, 0, 0),
(12, 6, 2, 657, 657, 657, 657, 657, 657, 657, 657, 657, 657, 657, 657),
(12, 6, 2, 0, 0, 0, 0, 0, 0, 0, 0, 0, 0, 0, 0),
(13, 6, 2, 657, 657, 657, 657, 657, 657, 657, 657, 657, 657, 657, 657),
(13, 6, 2, 0, 0, 0, 0, 0, 1500, 0, 0, 0, 0, 0, 5025),
(14, 6, 2, 2628, 2628, 2628, 2628, 2628, 2628, 2628, 2628, 2628, 2628, 2628, 2628),
(14, 6, 2, 660, 3363, 7536, 0, 0, 8500, 0, 0, 0, 11340, 0, 10425),
(15, 7, 3, 64546, 67108, 72069, 79732, 84385, 89994, 93131, 88599, 85570, 86011, 89242, 71725),
(15, 7, 3, 47228, 53239, 13681, 79744, 108252, 60153, 60079, 55031, 68197, 59386, 68621, 40180),
(16, 8, 3, 20861, 21689, 23293, 25769, 27273, 29086, 30100, 28635, 27656, 27799, 28843, 23181),
(16, 8, 3, 0, 14744, 27750, 19080, 87183, 23040, 37890, 46350, 1320, 44250, 90900, 13287),
(17, 9, 3, 0, 0, 0, 0, 0, 0, 0, 0, 0, 0, 0, 0),
(17, 9, 3, 0, 0, 0, 0, 0, 0, 0, 0, 0, 0, 0, 0),
(18, 10, 3, 0, 0, 0, 0, 0, 0, 0, 0, 0, 0, 0, 0),
(18, 10, 3, 0, 0, 0, 0, 0, 0, 0, 0, 0, 0, 0, 0),
(19, 11, 4, 73, 73, 73, 73, 73, 73, 73, 73, 73, 73, 73, 73),
(19, 11, 4, 0, 0, 0, 0, 0, 0, 0, 0, 750, 0, 0, 0),
(20, 12, 4, 145, 145, 145, 145, 145, 145, 145, 145, 145, 145, 145, 145),
(20, 12, 4, 0, 0, 0, 0, 0, 0, 0, 0, 250, 0, 0, 35),
(21, 13, 4, 0, 0, 0, 0, 0, 0, 0, 11600, 0, 11600, 0, 5800),
(21, 13, 4, 0, 0, 0, 0, 0, 0, 0, 0, 0, 0, 0, 0),
(22, 14, 6, 0, 0, 0, 0, 0, 0, 0, 0, 0, 0, 0, 0),
(22, 14, 6, 0, 0, 0, 0, 0, 0, 0, 0, 0, 0, 0, 0),
(23, 15, 2, 0, 0, 0, 0, 0, 0, 0, 0, 0, 0, 0, 0),
(23, 15, 2, 0, 0, 0, 0, 0, 0, 0, 0, 0, 0, 0, 0),
(24, 16, 1, 0, 0, 0, 0, 0, 2956, 2956, 2956, 2956, 2956, 2956, 2956),
(24, 16, 1, 0, 0, 0, 0, 0, 0, 0, 0, 0, 11838, 9617, 5590),
(25, 17, 1, 0, 0, 0, 0, 0, 1295, 1295, 1295, 1295, 1295, 1295, 1295),
(25, 17, 1, 0, 0, 0, 0, 0, 0, 0, 0, 0, 4982, 1826, 0),
(26, 11, 4, 73, 73, 73, 73, 73, 73, 73, 73, 73, 73, 73, 73),
(26, 11, 4, 0, 0, 0, 0, 0, 0, 0, 0, 0, 0, 0, 0),
(27, 11, 4, 73, 73, 73, 73, 73, 73, 73, 73, 73, 73, 73, 73),
(27, 11, 4, 0, 0, 0, 0, 0, 0, 0, 0, 750, 0, 0, 0),
(28, 11, 4, 73, 73, 73, 73, 73, 73, 73, 73, 73, 73, 73, 73),
(28, 11, 4, 0, 0, 0, 0, 0, 0, 0, 0, 0, 0, 0, 0),
(29, 11, 4, 73, 73, 73, 73, 73, 73, 73, 73, 73, 73, 73, 73),
(29, 11, 4, 0, 0, 0, 0, 0, 0, 0, 0, 750, 0, 0, 0),
(30, 11, 4, 73, 73, 73, 73, 73, 73, 73, 73, 73, 73, 73, 73),
(30, 11, 4, 0, 0, 0, 0, 0, 0, 0, 0, 0, 0, 0, 0),
(31, 11, 4, 73, 73, 73, 73, 73, 73, 73, 73, 73, 73, 73, 73),
(31, 11, 4, 0, 0, 0, 0, 0, 0, 0, 0, 750, 0, 0, 0),
(32, 11, 4, 73, 73, 73, 73, 73, 73, 73, 73, 73, 73, 73, 73),
(32, 11, 4, 0, 0, 0, 0, 0, 0, 0, 0, 0, 0, 0, 0),
(33, 11, 4, 580, 580, 580, 580, 580, 580, 580, 580, 580, 580, 580, 580),
(33, 11, 4, 0, 0, 0, 0, 0, 0, 0, 0, 3000, 0, 0, 0),
(34, 8, 3, 4277, 4446, 4775, 5283, 5591, 5963, 6170, 5870, 5670, 5699, 5913, 4752),
(34, 8, 3, 0, 247, 0, 0, 0, 0, 0, 0, 0, 0, 0, 3173),
(35, 8, 3, 4277, 4446, 4775, 5283, 5591, 5963, 6170, 5870, 5670, 5699, 5913, 4752),
(35, 8, 3, 0, 247, 0, 0, 0, 0, 0, 0, 0, 0, 0, 3154),
(36, 8, 3, 12308, 12797, 13743, 15204, 16091, 17161, 17759, 16895, 16317, 16401, 17017, 13677),
(36, 8, 3, 0, 14250, 27750, 19080, 87183, 23040, 37890, 46350, 1320, 44250, 90900, 6960),
(37, 13, 4, 0, 0, 0, 0, 0, 0, 0, 1450, 0, 0, 0, 0),
(37, 13, 4, 0, 0, 0, 0, 0, 0, 0, 0, 0, 0, 0, 0),
(38, 13, 4, 0, 0, 0, 0, 0, 0, 0, 0, 0, 1450, 0, 0),
(38, 13, 4, 0, 0, 0, 0, 0, 0, 0, 0, 0, 0, 0, 0),
(39, 13, 4, 0, 0, 0, 0, 0, 0, 0, 0, 0, 0, 0, 0),
(39, 13, 4, 0, 0, 0, 0, 0, 0, 0, 0, 0, 0, 0, 0),
(40, 13, 4, 0, 0, 0, 0, 0, 0, 0, 1450, 0, 0, 0, 0),
(40, 13, 4, 0, 0, 0, 0, 0, 0, 0, 0, 0, 0, 0, 0),
(41, 13, 4, 0, 0, 0, 0, 0, 0, 0, 0, 0, 1450, 0, 0),
(41, 13, 4, 0, 0, 0, 0, 0, 0, 0, 0, 0, 0, 0, 0),
(42, 13, 4, 0, 0, 0, 0, 0, 0, 0, 0, 0, 0, 0, 1450),
(42, 13, 4, 0, 0, 0, 0, 0, 0, 0, 0, 0, 0, 0, 0),
(43, 13, 4, 0, 0, 0, 0, 0, 0, 0, 0, 0, 0, 0, 0),
(43, 13, 4, 0, 0, 0, 0, 0, 0, 0, 0, 0, 0, 0, 0),
(44, 13, 4, 0, 0, 0, 0, 0, 0, 0, 0, 0, 1450, 0, 0),
(44, 13, 4, 0, 0, 0, 0, 0, 0, 0, 0, 0, 0, 0, 0),
(45, 13, 4, 0, 0, 0, 0, 0, 0, 0, 0, 0, 0, 0, 1450),
(45, 13, 4, 0, 0, 0, 0, 0, 0, 0, 0, 0, 0, 0, 0),
(46, 13, 4, 0, 0, 0, 0, 0, 0, 0, 1450, 0, 0, 0, 0),
(46, 13, 4, 0, 0, 0, 0, 0, 0, 0, 0, 0, 0, 0, 0),
(47, 13, 4, 0, 0, 0, 0, 0, 0, 0, 0, 0, 0, 0, 0),
(47, 13, 4, 0, 0, 0, 0, 0, 0, 0, 0, 0, 0, 0, 0),
(48, 13, 4, 0, 0, 0, 0, 0, 0, 0, 0, 0, 0, 0, 0),
(48, 13, 4, 0, 0, 0, 0, 0, 0, 0, 0, 0, 0, 0, 0),
(49, 13, 4, 0, 0, 0, 0, 0, 0, 0, 1450, 0, 0, 0, 0),
(49, 13, 4, 0, 0, 0, 0, 0, 0, 0, 0, 0, 0, 0, 0),
(50, 13, 4, 0, 0, 0, 0, 0, 0, 0, 0, 0, 1450, 0, 0),
(50, 13, 4, 0, 0, 0, 0, 0, 0, 0, 0, 0, 0, 0, 0),
(51, 13, 4, 0, 0, 0, 0, 0, 0, 0, 0, 0, 0, 0, 1450),
(51, 13, 4, 0, 0, 0, 0, 0, 0, 0, 0, 0, 0, 0, 0),
(52, 13, 4, 0, 0, 0, 0, 0, 0, 0, 1450, 0, 0, 0, 0),
(52, 13, 4, 0, 0, 0, 0, 0, 0, 0, 0, 0, 0, 0, 0),
(53, 13, 4, 0, 0, 0, 0, 0, 0, 0, 0, 0, 1450, 0, 0),
(53, 13, 4, 0, 0, 0, 0, 0, 0, 0, 0, 0, 0, 0, 0),
(54, 13, 4, 0, 0, 0, 0, 0, 0, 0, 0, 0, 0, 0, 1450),
(54, 13, 4, 0, 0, 0, 0, 0, 0, 0, 0, 0, 0, 0, 0),
(55, 13, 4, 0, 0, 0, 0, 0, 0, 0, 1450, 0, 0, 0, 0),
(55, 13, 4, 0, 0, 0, 0, 0, 0, 0, 0, 0, 0, 0, 0),
(56, 13, 4, 0, 0, 0, 0, 0, 0, 0, 0, 0, 1450, 0, 0),
(56, 13, 4, 0, 0, 0, 0, 0, 0, 0, 0, 0, 0, 0, 0),
(57, 13, 4, 0, 0, 0, 0, 0, 0, 0, 0, 0, 0, 0, 0),
(57, 13, 4, 0, 0, 0, 0, 0, 0, 0, 0, 0, 0, 0, 0),
(58, 13, 4, 0, 0, 0, 0, 0, 0, 0, 1450, 0, 0, 0, 0),
(58, 13, 4, 0, 0, 0, 0, 0, 0, 0, 0, 0, 0, 0, 0),
(59, 13, 4, 0, 0, 0, 0, 0, 0, 0, 0, 0, 1450, 0, 0),
(59, 13, 4, 0, 0, 0, 0, 0, 0, 0, 0, 0, 0, 0, 0),
(60, 13, 4, 0, 0, 0, 0, 0, 0, 0, 0, 0, 0, 0, 0),
(60, 13, 4, 0, 0, 0, 0, 0, 0, 0, 0, 0, 0, 0, 0),
(61, 1, 1, 2791, 2791, 2791, 2791, 2791, 2791, 2791, 2791, 2791, 2791, 2791, 2791),
(61, 1, 1, 0, 0, 0, 6850, 4550, 7350, 7000, 5140, 2820, 1425, 1965, 2625),
(62, 1, 1, 5581, 5581, 5581, 5581, 5581, 5581, 5581, 5581, 5581, 5581, 5581, 5581),
(62, 1, 1, 7195, 5975, 9310, 7410, 4550, 7350, 7000, 5140, 2820, 1425, 1965, 2625),
(63, 18, 6, 1300, 0, 0, 1300, 0, 0, 1300, 0, 0, 0, 0, 1300),
(63, 18, 6, 0, 0, 0, 0, 0, 0, 0, 0, 0, 0, 0, 0),
(64, 18, 6, 1300, 0, 0, 1300, 0, 0, 1300, 0, 0, 0, 0, 1300),
(64, 18, 6, 0, 0, 0, 0, 0, 0, 0, 0, 0, 0, 0, 0),
(65, 18, 6, 0, 1300, 0, 1300, 0, 0, 1300, 0, 0, 0, 0, 0),
(65, 18, 6, 0, 0, 0, 0, 0, 0, 0, 0, 0, 0, 0, 0),
(66, 18, 6, 0, 0, 0, 1300, 0, 0, 1300, 0, 0, 0, 0, 0),
(66, 18, 6, 0, 0, 0, 0, 0, 0, 0, 0, 0, 0, 0, 0),
(67, 18, 6, 0, 0, 0, 1300, 0, 0, 1300, 0, 0, 0, 0, 0),
(67, 18, 6, 0, 0, 0, 0, 0, 0, 0, 0, 0, 0, 0, 0),
(68, 18, 6, 2600, 1300, 0, 6500, 0, 0, 6500, 0, 0, 0, 0, 2600),
(68, 18, 6, 0, 0, 0, 0, 0, 0, 0, 0, 0, 0, 0, 0),
(69, 19, 6, 1300, 0, 0, 1300, 0, 0, 1300, 0, 0, 0, 0, 1300),
(69, 19, 6, 0, 0, 0, 0, 0, 0, 0, 0, 0, 0, 0, 0),
(70, 19, 6, 0, 0, 0, 1300, 0, 0, 1300, 0, 0, 0, 1300, 0),
(70, 19, 6, 0, 0, 0, 0, 0, 0, 0, 0, 0, 0, 0, 0),
(71, 19, 6, 0, 0, 0, 1300, 0, 0, 1300, 0, 0, 0, 0, 0),
(71, 19, 6, 0, 0, 0, 0, 0, 0, 0, 0, 0, 0, 0, 0),
(72, 19, 6, 0, 0, 0, 1300, 0, 0, 1300, 0, 0, 0, 1300, 0),
(72, 19, 6, 0, 0, 0, 0, 0, 0, 0, 0, 0, 0, 0, 0),
(73, 19, 6, 1300, 0, 0, 5200, 0, 0, 5200, 0, 0, 0, 2600, 1300),
(73, 19, 6, 0, 0, 0, 0, 0, 0, 0, 0, 0, 0, 0, 0),
(74, 20, 6, 0, 0, 0, 1500, 0, 0, 0, 0, 0, 0, 0, 0),
(74, 20, 6, 0, 0, 0, 0, 0, 0, 0, 0, 0, 0, 0, 0),
(75, 20, 6, 0, 0, 0, 1500, 0, 0, 0, 0, 0, 0, 0, 0),
(75, 20, 6, 0, 0, 0, 0, 0, 0, 0, 0, 0, 0, 0, 0),
(76, 20, 6, 0, 0, 0, 1500, 0, 0, 0, 0, 0, 0, 0, 0),
(76, 20, 6, 0, 0, 0, 0, 0, 0, 0, 0, 0, 0, 0, 0),
(77, 20, 6, 0, 0, 0, 1500, 0, 0, 0, 0, 0, 0, 0, 0),
(77, 20, 6, 0, 0, 0, 0, 0, 0, 0, 0, 0, 0, 0, 0),
(78, 20, 6, 0, 0, 0, 1500, 0, 0, 0, 0, 0, 0, 0, 0),
(78, 20, 6, 0, 0, 0, 0, 0, 0, 0, 0, 0, 0, 0, 0),
(79, 20, 6, 0, 0, 0, 1500, 0, 0, 0, 0, 0, 0, 0, 0),
(79, 20, 6, 0, 0, 0, 0, 0, 0, 0, 0, 0, 0, 0, 0),
(80, 20, 6, 0, 0, 0, 1500, 0, 0, 0, 0, 0, 0, 0, 0),
(80, 20, 6, 0, 0, 0, 0, 0, 0, 0, 0, 0, 0, 0, 0),
(81, 20, 6, 0, 0, 0, 1500, 0, 0, 0, 0, 0, 0, 0, 0),
(81, 20, 6, 0, 0, 0, 0, 0, 0, 0, 0, 0, 0, 0, 0),
(82, 20, 6, 0, 0, 0, 1500, 0, 0, 0, 0, 0, 0, 0, 0),
(82, 20, 6, 0, 0, 0, 0, 0, 0, 0, 0, 0, 0, 0, 0),
(83, 20, 6, 0, 0, 0, 1500, 0, 0, 0, 0, 0, 0, 0, 0),
(83, 20, 6, 0, 0, 0, 0, 0, 0, 0, 0, 0, 0, 0, 0),
(84, 20, 6, 0, 0, 0, 15000, 0, 0, 0, 0, 0, 0, 0, 0),
(84, 20, 6, 0, 0, 0, 0, 0, 0, 0, 0, 0, 0, 0, 0),
(85, 21, 6, 0, 0, 0, 3680, 0, 0, 0, 0, 0, 0, 0, 0),
(85, 21, 6, 0, 0, 0, 0, 0, 0, 0, 0, 0, 0, 0, 0),
(86, 21, 6, 0, 0, 3680, 0, 0, 0, 0, 0, 0, 0, 0, 0),
(86, 21, 6, 0, 0, 0, 0, 0, 0, 0, 0, 0, 0, 0, 0),
(87, 21, 6, 0, 0, 3680, 0, 0, 0, 0, 0, 0, 0, 0, 0),
(87, 21, 6, 0, 0, 0, 0, 0, 0, 0, 0, 0, 0, 0, 0),
(88, 21, 6, 0, 0, 0, 3680, 0, 0, 0, 0, 0, 0, 0, 0),
(88, 21, 6, 0, 0, 0, 0, 0, 0, 0, 0, 0, 0, 0, 0),
(89, 21, 6, 0, 0, 0, 3680, 0, 0, 0, 0, 0, 0, 0, 0),
(89, 21, 6, 0, 0, 0, 0, 0, 0, 0, 0, 0, 0, 0, 0),
(90, 21, 6, 0, 0, 7360, 11040, 0, 0, 0, 0, 0, 0, 0, 0),
(90, 21, 6, 0, 0, 0, 0, 0, 0, 0, 0, 0, 0, 0, 0);

-- --------------------------------------------------------

--
-- Estructura de tabla para la tabla `tb_ventas_terri`
--

CREATE TABLE `tb_ventas_terri` (
  `id_sub_producto` int(100) NOT NULL,
  `id_producto` int(10) NOT NULL,
  `id_linea` int(10) NOT NULL,
  `enero` int(10) NOT NULL,
  `febrero` int(10) NOT NULL,
  `marzo` int(10) NOT NULL,
  `abril` int(10) NOT NULL,
  `mayo` int(10) NOT NULL,
  `junio` int(10) NOT NULL,
  `julio` int(10) NOT NULL,
  `agosto` int(10) NOT NULL,
  `septiembre` int(11) NOT NULL,
  `octubre` int(11) NOT NULL,
  `noviembre` int(11) NOT NULL,
  `diciembre` int(11) NOT NULL
) ENGINE=InnoDB DEFAULT CHARSET=latin1;

--
-- Volcado de datos para la tabla `tb_ventas_terri`
--

INSERT INTO `tb_ventas_terri` (`id_sub_producto`, `id_producto`, `id_linea`, `enero`, `febrero`, `marzo`, `abril`, `mayo`, `junio`, `julio`, `agosto`, `septiembre`, `octubre`, `noviembre`, `diciembre`) VALUES
(1, 1, 1, 7195, 5975, 9310, 560, 0, 0, 0, 0, 0, 0, 0, 0),
(1, 1, 1, 2520, 2160, 2160, 2880, 0, 0, 0, 0, 123, 0, 0, 0),
(1, 1, 1, 0, 0, 0, 0, 0, 0, 0, 0, 0, 0, 0, 0),
(1, 1, 1, 3150, 3850, 3500, 0, 0, 0, 0, 0, 0, 0, 0, 0),
(2, 2, 1, 10946, 5354, 12417, 10528, 9932, 9009, 11534, 8943, 10992, 10545, 13654, 10864),
(2, 2, 1, 7428, 8332, 3557, 6326, 4009, 4721, 4575, 5131, 1471, 4843, 2588, 3467),
(2, 2, 1, 0, 0, 0, 0, 0, 0, 0, 0, 0, 0, 0, 0),
(2, 2, 1, 3983, 4057, 5065, 3107, 6386, 4652, 7114, 6282, 8078, 6691, 6889, 6280),
(3, 3, 1, 0, 4315, 4413, 0, 5720, 5720, 6820, 6820, 6930, 15589, 16920, 19120),
(3, 3, 1, 0, 0, 0, 0, 0, 0, 0, 8800, 0, 0, 0, 90600),
(3, 3, 1, 0, 0, 0, 0, 0, 0, 0, 0, 0, 0, 0, 0),
(3, 3, 1, 0, 0, 0, 0, 0, 0, 0, 0, 0, 0, 0, 0),
(4, 4, 2, 0, 0, 0, 225, 2030, 5298, 167, -651, -641, 6999, 137, 616),
(4, 4, 2, 0, 0, 0, 0, 450, 0, 0, 238, 0, 2132, 258, 578),
(4, 4, 2, 0, 0, 0, 113, 0, 0, 0, 240, 0, 0, 0, 0),
(4, 4, 2, 0, 0, 0, 0, 0, 0, 0, 212, 0, 0, 0, 0),
(5, 5, 2, 6907, 5566, 239, 4233, 6079, -1528, 6092, 474, 467, 826, 3354, 1777),
(5, 5, 2, 1091, 861, 3006, 1843, 3144, 1033, 574, 689, 344, 976, 1370, 2526),
(5, 5, 2, 689, 2296, 4242, 872, 68, 1550, 1263, 2006, 694, 4735, 0, 1445),
(5, 5, 2, 0, 57, 230, 115, 0, 57, 115, 0, 115, 0, 115, 57),
(6, 5, 2, 25964, 2247, 450, 24766, 25109, 11626, 7521, 5129, 1077, 7126, 15016, 1072),
(6, 5, 2, 459, 4171, 29890, 2330, 2915, 3026, 1940, 3785, 1431, 3196, 5614, 1942),
(6, 5, 2, 1722, 2870, 5505, 1148, 3431, 1091, 1234, 2466, 2146, 5826, 459, 861),
(6, 5, 2, 3548, 574, 172, 230, 115, 172, 172, 230, 0, 115, 287, 115),
(7, 5, 2, 349, 453, 349, 10518, 1313, 9626, -1070, 2226, 856, 5722, 4337, 3889),
(7, 5, 2, 855, 1318, 866, 2138, 3372, 1493, 630, 1146, 1373, 1250, 1181, 966),
(7, 5, 2, 579, 861, 2656, 344, 2919, 1722, 832, 1320, 5861, 2365, -804, 230),
(7, 5, 2, 4108, 172, 115, 115, 172, 186, 172, 230, 115, 57, 459, 2985),
(8, 5, 2, 287, 61, 284, 203, 217, 337, 342, 172, 487, 217, 0, 100),
(8, 5, 2, 0, 172, 57, 57, 0, 57, 0, 0, 0, 0, 0, 518),
(8, 5, 2, 172, 459, 517, 689, 340, 115, 459, 287, 57, 804, 115, 172),
(8, 5, 2, 57, 115, 0, 57, 57, 287, 57, 172, 0, 57, 0, 115),
(9, 5, 2, 33507, 8326, 1322, 39719, 32718, 20062, 12886, 8002, 2887, 13892, 22707, 6839),
(9, 5, 2, 2405, 6522, 33820, 6368, 9431, 5609, 3143, 5620, 3148, 5422, 8165, 5951),
(9, 5, 2, 3162, 6486, 12920, 3054, 6759, 4477, 3788, 6079, 8758, 13729, -230, 2708),
(9, 5, 2, 7713, 918, 517, 517, 344, 703, 517, 631, 230, 230, 861, 3272),
(10, 6, 2, 0, 3363, 5886, 0, 0, 7000, 0, 0, 0, 11340, 0, 5400),
(10, 6, 2, 0, 0, 0, 0, 0, 0, 0, 0, 0, 0, 0, 0),
(10, 6, 2, 0, 0, 0, 0, 0, 0, 0, 110, 0, 0, 0, 0),
(10, 6, 2, 0, 0, 0, 0, 0, 0, 0, 0, 0, 0, 0, 0),
(11, 6, 2, 660, 0, 1650, 0, 0, 0, 0, 0, 0, 0, 0, 0),
(11, 6, 2, 0, 0, 0, 0, 0, 0, 0, 0, 0, 0, 0, 0),
(11, 6, 2, 0, 0, 0, 0, 0, 3200, 0, 0, 0, 0, 0, 0),
(11, 6, 2, 0, 0, 0, 0, 0, 0, 0, 0, 0, 0, 0, 0),
(12, 6, 2, 0, 0, 0, 0, 0, 0, 0, 0, 0, 0, 0, 0),
(12, 6, 2, 0, 0, 0, 0, 0, 0, 0, 0, 0, 0, 0, 0),
(12, 6, 2, 0, 0, 0, 0, 0, 0, 0, 0, 0, 0, 0, 0),
(12, 6, 2, 0, 0, 0, 0, 0, 0, 0, 0, 0, 0, 0, 0),
(13, 6, 2, 0, 0, 0, 0, 0, 1500, 0, 0, 0, 0, 0, 5025),
(13, 6, 2, 0, 0, 0, 0, 0, 3680, 0, 0, 4800, 0, 0, 20),
(13, 6, 2, 0, 0, 0, 0, 0, 0, 0, 0, 960, 0, 0, 0),
(13, 6, 2, 0, 0, 0, 0, 0, 0, 0, 0, 0, 0, 0, 0),
(14, 6, 2, 660, 3363, 7536, 0, 0, 8500, 0, 0, 0, 11340, 0, 10425),
(14, 6, 2, 0, 0, 0, 0, 0, 3680, 0, 0, 4800, 0, 0, 20),
(14, 6, 2, 0, 0, 0, 0, 0, 3200, 0, 110, 960, 0, 0, 0),
(14, 6, 2, 0, 0, 0, 0, 0, 0, 0, 0, 0, 0, 0, 0),
(15, 7, 3, 47228, 53239, 13681, 79744, 108252, 60153, 60079, 55031, 68197, 59386, 68621, 40180),
(15, 7, 3, 71884, 97409, 189979, 130300, 80634, 93736, 57563, 88883, 143131, 90450, 99055, 63020),
(15, 7, 3, 0, 0, 0, 0, 0, 0, 0, 0, 0, 0, 0, 0),
(15, 7, 3, 8434, 1994, 5350, 4987, 5998, 11421, 4267, 24878, 8445, 39311, 51, 9293),
(16, 8, 3, 0, 14744, 27750, 19080, 87183, 23040, 37890, 46350, 1320, 44250, 90900, 13287),
(16, 8, 3, 0, 9934, 66823, 55795, 11904, 9501, 49277, 19078, 10454, 38402, 39851, 33398),
(16, 8, 3, 0, 0, 0, 0, 0, 0, 0, 0, 0, 0, 0, 0),
(16, 8, 3, 0, 14400, 4800, 46050, 41400, 2400, 16800, 7200, 34867, 28519, 12840, 1152),
(17, 9, 3, 0, 0, 0, 0, 0, 0, 0, 0, 0, 0, 0, 0),
(17, 9, 3, 0, 0, 0, 0, 0, 0, 0, 0, 0, 0, 0, 0),
(17, 9, 3, 0, 0, 0, 0, 0, 0, 0, 0, 0, 0, 0, 0),
(17, 9, 3, 0, 0, 0, 0, 0, 0, 0, 0, 0, 0, 0, 0),
(18, 10, 3, 0, 0, 0, 0, 0, 0, 0, 0, 0, 0, 0, 0),
(18, 10, 3, 0, 0, 0, 0, 0, 0, 0, 0, 0, 0, 0, 0),
(18, 10, 3, 0, 0, 0, 0, 0, 0, 0, 0, 0, 0, 0, 0),
(18, 10, 3, 0, 0, 0, 0, 0, 0, 0, 0, 0, 0, 0, 0),
(19, 11, 4, 0, 0, 0, 0, 0, 0, 0, 0, 750, 0, 0, 0),
(19, 11, 4, 0, 0, 0, 0, 1600, 0, 0, 0, 0, 0, 0, 0),
(19, 11, 4, 0, 0, 0, 0, 0, 400, 0, 0, 0, 0, 0, 0),
(19, 11, 4, 0, 0, 0, 0, 0, 900, 0, 0, 0, 450, 2250, 450),
(20, 12, 4, 0, 0, 0, 0, 0, 0, 0, 0, 250, 0, 0, 35),
(20, 12, 4, 0, 0, 0, 0, 0, 0, 0, 0, 0, 0, 0, 0),
(20, 12, 4, 0, 0, 0, 80, 0, 0, 90, 90, 30, 120, 60, 30),
(20, 12, 4, 0, 0, 0, 40, 240, 200, 160, 0, 0, 0, 40, 40),
(21, 13, 4, 0, 0, 0, 0, 0, 0, 0, 0, 0, 0, 0, 0),
(21, 13, 4, 0, 0, 0, 0, 0, 0, 0, 0, 0, 0, 0, 0),
(21, 13, 4, 0, 0, 0, 0, 0, 0, 0, 0, 0, 0, 0, 0),
(21, 13, 4, 0, 0, 0, 0, 0, 0, 0, 0, 0, 37950, 13200, 21450),
(22, 14, 6, 0, 0, 0, 0, 0, 0, 0, 0, 0, 0, 0, 0),
(22, 14, 6, 0, 0, 0, 0, 0, 0, 0, 0, 0, 0, 0, 0),
(22, 14, 6, 0, 0, 0, 0, 0, 0, 0, 0, 0, 0, 0, 0),
(22, 14, 6, 0, 0, 0, 0, 0, 0, 0, 0, 0, 0, 0, 0),
(23, 15, 2, 0, 0, 0, 0, 0, 0, 0, 0, 0, 0, 0, 0),
(23, 15, 2, 0, 0, 0, 1289, 25261, 6904, 29493, 84362, 166386, 117374, 203563, 121346),
(23, 15, 2, 0, 0, 0, 0, 267, 5869, 0, 915, 0, 0, 915, 0),
(23, 15, 2, 0, 0, 0, 11101, 10560, 23513, 6628, 16410, 12673, 43055, 47047, 2489),
(24, 16, 1, 0, 0, 0, 0, 0, 0, 0, 0, 0, 11838, 9617, 5590),
(24, 16, 1, 0, 0, 0, 0, 0, 0, 0, 0, 0, 0, 0, 0),
(24, 16, 1, 0, 0, 0, 0, 0, 0, 0, 0, 0, 0, 0, 0),
(24, 16, 1, 0, 0, 0, 0, 0, 0, 0, 0, 0, 0, 0, 0),
(25, 17, 1, 0, 0, 0, 0, 0, 0, 0, 0, 0, 4982, 1826, 0),
(25, 17, 1, 0, 2064, 0, 0, 0, 0, 0, 4535, 0, 5626, 1032, 4365),
(25, 17, 1, 0, 0, 0, 0, 0, 0, 0, 0, 0, 830, 0, 0),
(25, 17, 1, 0, 0, 0, 0, 0, 0, 0, 0, 0, 0, 0, 0),
(26, 11, 4, 0, 0, 0, 0, 0, 0, 0, 0, 0, 0, 0, 0),
(26, 11, 4, 0, 0, 0, 0, 800, 0, 0, 0, 0, 0, 0, 0),
(26, 11, 4, 0, 0, 0, 0, 0, 0, 0, 0, 0, 0, 0, 0),
(26, 11, 4, 0, 0, 0, 0, 900, 0, 0, 0, 450, 0, 900, 0),
(27, 11, 4, 0, 0, 0, 0, 0, 0, 0, 0, 750, 0, 0, 0),
(27, 11, 4, 0, 0, 0, 0, 800, 0, 0, 0, 0, 0, 0, 0),
(27, 11, 4, 0, 0, 0, 0, 0, 0, 0, 0, 0, 0, 0, 0),
(27, 11, 4, 0, 0, 0, 0, 450, 0, 0, 1350, 450, 900, 450, 450),
(28, 11, 4, 0, 0, 0, 0, 0, 0, 0, 0, 0, 0, 0, 0),
(28, 11, 4, 0, 0, 0, 0, 800, 0, 0, 0, 0, 0, 0, 0),
(28, 11, 4, 0, 0, 0, 0, 0, 0, 0, 0, 0, 0, 0, 0),
(28, 11, 4, 0, 0, 0, 0, 450, 0, 0, 0, 0, 0, 0, 0),
(29, 11, 4, 0, 0, 0, 0, 0, 0, 0, 0, 750, 0, 0, 0),
(29, 11, 4, 0, 0, 0, 0, 800, 0, 0, 0, 0, 0, 0, 0),
(29, 11, 4, 0, 0, 0, 0, 0, 0, 0, 0, 0, 0, 0, 0),
(29, 11, 4, 0, 0, 0, 450, 450, 0, 0, 0, 0, 900, 0, 0),
(30, 11, 4, 0, 0, 0, 0, 0, 0, 0, 0, 0, 0, 0, 0),
(30, 11, 4, 0, 0, 0, 0, 800, 0, 0, 0, 0, 0, 0, 0),
(30, 11, 4, 0, 0, 0, 0, 0, 0, 0, 0, 0, 0, 0, 0),
(30, 11, 4, 0, 0, 0, 0, 450, 0, 0, 450, 0, 0, 0, 0),
(31, 11, 4, 0, 0, 0, 0, 0, 0, 0, 0, 750, 0, 0, 0),
(31, 11, 4, 0, 0, 0, 0, 800, 0, 0, 0, 0, 0, 0, 0),
(31, 11, 4, 0, 0, 0, 0, 0, 0, 0, 0, 0, 0, 0, 0),
(31, 11, 4, 0, 0, 0, 0, 0, 1600, 0, 0, 0, 450, 0, 0),
(32, 11, 4, 0, 0, 0, 0, 0, 0, 0, 0, 0, 0, 0, 0),
(32, 11, 4, 0, 0, 0, 0, 800, 0, 0, 0, 0, 0, 0, 0),
(32, 11, 4, 0, 0, 0, 0, 0, 0, 0, 0, 0, 0, 0, 0),
(32, 11, 4, 0, 0, 0, 0, 0, 0, 0, 0, 0, 270, 0, 450),
(33, 11, 4, 0, 0, 0, 0, 0, 0, 0, 0, 3000, 0, 0, 0),
(33, 11, 4, 0, 0, 0, 0, 7200, 0, 0, 0, 0, 0, 0, 0),
(33, 11, 4, 0, 0, 0, 0, 0, 400, 0, 0, 0, 0, 0, 0),
(33, 11, 4, 0, 0, 0, 450, 2700, 2500, 0, 1800, 900, 2970, 3600, 1350),
(34, 8, 3, 0, 247, 0, 0, 0, 0, 0, 0, 0, 0, 0, 3173),
(34, 8, 3, 0, 1069, 18360, 18749, 648, 4255, 9288, 3931, 1899, 15417, 14357, 12585),
(34, 8, 3, 0, 0, 0, 0, 0, 0, 0, 0, 0, 0, 0, 0),
(34, 8, 3, 0, 0, 0, 0, 8100, 0, 0, 0, 2407, 1759, 3240, 486),
(35, 8, 3, 0, 247, 0, 0, 0, 0, 0, 0, 0, 0, 0, 3154),
(35, 8, 3, 0, 3075, 26324, 26456, 666, 4446, 30629, 4777, 1416, 23405, 7733, 15323),
(35, 8, 3, 0, 0, 0, 0, 0, 0, 0, 0, 0, 0, 0, 0),
(35, 8, 3, 0, 0, 0, 0, 6750, 0, 0, 0, 2160, 2160, 0, 666),
(36, 8, 3, 0, 14250, 27750, 19080, 87183, 23040, 37890, 46350, 1320, 44250, 90900, 6960),
(36, 8, 3, 0, 5790, 22140, 10590, 10590, 800, 9360, 10370, 7140, -420, 17760, 5490),
(36, 8, 3, 0, 0, 0, 0, 0, 0, 0, 0, 0, 0, 0, 0),
(36, 8, 3, 0, 14400, 4800, 46050, 26550, 2400, 16800, 7200, 30300, 24600, 9600, 0),
(37, 13, 4, 0, 0, 0, 0, 0, 0, 0, 0, 0, 0, 0, 0),
(37, 13, 4, 0, 0, 0, 0, 0, 0, 0, 0, 0, 0, 0, 0),
(37, 13, 4, 0, 0, 0, 0, 0, 0, 0, 0, 0, 0, 0, 0),
(37, 13, 4, 0, 0, 0, 0, 0, 0, 0, 0, 0, 4950, 1650, 4950),
(38, 13, 4, 0, 0, 0, 0, 0, 0, 0, 0, 0, 0, 0, 0),
(38, 13, 4, 0, 0, 0, 0, 0, 0, 0, 0, 0, 0, 0, 0),
(38, 13, 4, 0, 0, 0, 0, 0, 0, 0, 0, 0, 0, 0, 0),
(38, 13, 4, 0, 0, 0, 0, 0, 0, 0, 0, 0, 0, 0, 1650),
(39, 13, 4, 0, 0, 0, 0, 0, 0, 0, 0, 0, 0, 0, 0),
(39, 13, 4, 0, 0, 0, 0, 0, 0, 0, 0, 0, 0, 0, 0),
(39, 13, 4, 0, 0, 0, 0, 0, 0, 0, 0, 0, 0, 0, 0),
(39, 13, 4, 0, 0, 0, 0, 0, 0, 0, 0, 0, 6600, 0, 1650),
(40, 13, 4, 0, 0, 0, 0, 0, 0, 0, 0, 0, 0, 0, 0),
(40, 13, 4, 0, 0, 0, 0, 0, 0, 0, 0, 0, 0, 0, 0),
(40, 13, 4, 0, 0, 0, 0, 0, 0, 0, 0, 0, 0, 0, 0),
(40, 13, 4, 0, 0, 0, 0, 0, 0, 0, 0, 0, 3300, 1650, 3300),
(41, 13, 4, 0, 0, 0, 0, 0, 0, 0, 0, 0, 0, 0, 0),
(41, 13, 4, 0, 0, 0, 0, 0, 0, 0, 0, 0, 0, 0, 0),
(41, 13, 4, 0, 0, 0, 0, 0, 0, 0, 0, 0, 0, 0, 0),
(41, 13, 4, 0, 0, 0, 0, 0, 0, 0, 0, 0, 0, 0, 0),
(42, 13, 4, 0, 0, 0, 0, 0, 0, 0, 0, 0, 0, 0, 0),
(42, 13, 4, 0, 0, 0, 0, 0, 0, 0, 0, 0, 0, 0, 0),
(42, 13, 4, 0, 0, 0, 0, 0, 0, 0, 0, 0, 0, 0, 0),
(42, 13, 4, 0, 0, 0, 0, 0, 0, 0, 0, 0, 1650, 0, 1650),
(43, 13, 4, 0, 0, 0, 0, 0, 0, 0, 0, 0, 0, 0, 0),
(43, 13, 4, 0, 0, 0, 0, 0, 0, 0, 0, 0, 0, 0, 0),
(43, 13, 4, 0, 0, 0, 0, 0, 0, 0, 0, 0, 0, 0, 0),
(43, 13, 4, 0, 0, 0, 0, 0, 0, 0, 0, 0, 3300, 0, 0),
(44, 13, 4, 0, 0, 0, 0, 0, 0, 0, 0, 0, 0, 0, 0),
(44, 13, 4, 0, 0, 0, 0, 0, 0, 0, 0, 0, 0, 0, 0),
(44, 13, 4, 0, 0, 0, 0, 0, 0, 0, 0, 0, 0, 0, 0),
(44, 13, 4, 0, 0, 0, 0, 0, 0, 0, 0, 0, 0, 3300, 0),
(45, 13, 4, 0, 0, 0, 0, 0, 0, 0, 0, 0, 0, 0, 0),
(45, 13, 4, 0, 0, 0, 0, 0, 0, 0, 0, 0, 0, 0, 0),
(45, 13, 4, 0, 0, 0, 0, 0, 0, 0, 0, 0, 0, 0, 0),
(45, 13, 4, 0, 0, 0, 0, 0, 0, 0, 0, 0, 0, 1650, 0),
(46, 13, 4, 0, 0, 0, 0, 0, 0, 0, 0, 0, 0, 0, 0),
(46, 13, 4, 0, 0, 0, 0, 0, 0, 0, 0, 0, 0, 0, 0),
(46, 13, 4, 0, 0, 0, 0, 0, 0, 0, 0, 0, 0, 0, 0),
(46, 13, 4, 0, 0, 0, 0, 0, 0, 0, 0, 0, 4950, 0, 0),
(47, 13, 4, 0, 0, 0, 0, 0, 0, 0, 0, 0, 0, 0, 0),
(47, 13, 4, 0, 0, 0, 0, 0, 0, 0, 0, 0, 0, 0, 0),
(47, 13, 4, 0, 0, 0, 0, 0, 0, 0, 0, 0, 0, 0, 0),
(47, 13, 4, 0, 0, 0, 0, 0, 0, 0, 0, 0, 0, 1650, 1650),
(48, 13, 4, 0, 0, 0, 0, 0, 0, 0, 0, 0, 0, 0, 0),
(48, 13, 4, 0, 0, 0, 0, 0, 0, 0, 0, 0, 0, 0, 0),
(48, 13, 4, 0, 0, 0, 0, 0, 0, 0, 0, 0, 0, 0, 0),
(48, 13, 4, 0, 0, 0, 0, 0, 0, 0, 0, 0, 0, 0, 0),
(49, 13, 4, 0, 0, 0, 0, 0, 0, 0, 0, 0, 0, 0, 0),
(49, 13, 4, 0, 0, 0, 0, 0, 0, 0, 0, 0, 0, 0, 0),
(49, 13, 4, 0, 0, 0, 0, 0, 0, 0, 0, 0, 0, 0, 0),
(49, 13, 4, 0, 0, 0, 0, 0, 0, 0, 0, 0, 0, 0, 1650),
(50, 13, 4, 0, 0, 0, 0, 0, 0, 0, 0, 0, 0, 0, 0),
(50, 13, 4, 0, 0, 0, 0, 0, 0, 0, 0, 0, 0, 0, 0),
(50, 13, 4, 0, 0, 0, 0, 0, 0, 0, 0, 0, 0, 0, 0),
(50, 13, 4, 0, 0, 0, 0, 0, 0, 0, 0, 0, 3300, 1650, 1650),
(51, 13, 4, 0, 0, 0, 0, 0, 0, 0, 0, 0, 0, 0, 0),
(51, 13, 4, 0, 0, 0, 0, 0, 0, 0, 0, 0, 0, 0, 0),
(51, 13, 4, 0, 0, 0, 0, 0, 0, 0, 0, 0, 0, 0, 0),
(51, 13, 4, 0, 0, 0, 0, 0, 0, 0, 0, 0, 0, 0, 1650),
(52, 13, 4, 0, 0, 0, 0, 0, 0, 0, 0, 0, 0, 0, 0),
(52, 13, 4, 0, 0, 0, 0, 0, 0, 0, 0, 0, 0, 0, 0),
(52, 13, 4, 0, 0, 0, 0, 0, 0, 0, 0, 0, 0, 0, 0),
(52, 13, 4, 0, 0, 0, 0, 0, 0, 0, 0, 0, 0, 0, 0),
(53, 13, 4, 0, 0, 0, 0, 0, 0, 0, 0, 0, 0, 0, 0),
(53, 13, 4, 0, 0, 0, 0, 0, 0, 0, 0, 0, 0, 0, 0),
(53, 13, 4, 0, 0, 0, 0, 0, 0, 0, 0, 0, 0, 0, 0),
(53, 13, 4, 0, 0, 0, 0, 0, 0, 0, 0, 0, 0, 1650, 0),
(54, 13, 4, 0, 0, 0, 0, 0, 0, 0, 0, 0, 0, 0, 0),
(54, 13, 4, 0, 0, 0, 0, 0, 0, 0, 0, 0, 0, 0, 0),
(54, 13, 4, 0, 0, 0, 0, 0, 0, 0, 0, 0, 0, 0, 0),
(54, 13, 4, 0, 0, 0, 0, 0, 0, 0, 0, 0, 4950, 0, 0),
(55, 13, 4, 0, 0, 0, 0, 0, 0, 0, 0, 0, 0, 0, 0),
(55, 13, 4, 0, 0, 0, 0, 0, 0, 0, 0, 0, 0, 0, 0),
(55, 13, 4, 0, 0, 0, 0, 0, 0, 0, 0, 0, 0, 0, 0),
(55, 13, 4, 0, 0, 0, 0, 0, 0, 0, 0, 0, 0, 0, 0),
(56, 13, 4, 0, 0, 0, 0, 0, 0, 0, 0, 0, 0, 0, 0),
(56, 13, 4, 0, 0, 0, 0, 0, 0, 0, 0, 0, 0, 0, 0),
(56, 13, 4, 0, 0, 0, 0, 0, 0, 0, 0, 0, 0, 0, 0),
(56, 13, 4, 0, 0, 0, 0, 0, 0, 0, 0, 0, 0, 0, 0),
(57, 13, 4, 0, 0, 0, 0, 0, 0, 0, 0, 0, 0, 0, 0),
(57, 13, 4, 0, 0, 0, 0, 0, 0, 0, 0, 0, 0, 0, 0),
(57, 13, 4, 0, 0, 0, 0, 0, 0, 0, 0, 0, 0, 0, 0),
(57, 13, 4, 0, 0, 0, 0, 0, 0, 0, 0, 0, 1650, 0, 0),
(58, 13, 4, 0, 0, 0, 0, 0, 0, 0, 0, 0, 0, 0, 0),
(58, 13, 4, 0, 0, 0, 0, 0, 0, 0, 0, 0, 0, 0, 0),
(58, 13, 4, 0, 0, 0, 0, 0, 0, 0, 0, 0, 0, 0, 0),
(58, 13, 4, 0, 0, 0, 0, 0, 0, 0, 0, 0, 3300, 0, 1650),
(59, 13, 4, 0, 0, 0, 0, 0, 0, 0, 0, 0, 0, 0, 0),
(59, 13, 4, 0, 0, 0, 0, 0, 0, 0, 0, 0, 0, 0, 0),
(59, 13, 4, 0, 0, 0, 0, 0, 0, 0, 0, 0, 0, 0, 0),
(59, 13, 4, 0, 0, 0, 0, 0, 0, 0, 0, 0, 0, 0, 0),
(60, 13, 4, 0, 0, 0, 0, 0, 0, 0, 0, 0, 0, 0, 0),
(60, 13, 4, 0, 0, 0, 0, 0, 0, 0, 0, 0, 0, 0, 0),
(60, 13, 4, 0, 0, 0, 0, 0, 0, 0, 0, 0, 0, 0, 0),
(60, 13, 4, 0, 0, 0, 0, 0, 0, 0, 0, 0, 0, 0, 0),
(61, 1, 1, 0, 0, 0, 6850, 4550, 7350, 5775, 4790, 2820, 1425, 1965, 2625),
(61, 1, 1, 0, 0, 0, 0, 2720, 2680, 1980, 2340, 3283, 4105, 2160, 5175),
(61, 1, 1, 0, 0, 0, 0, 0, 0, 0, 0, 0, 0, 0, 0),
(61, 1, 1, 0, 0, 0, 3500, 3850, 3675, 7000, 5250, 0, 350, 0, 700),
(62, 1, 1, 7195, 5975, 9310, 7410, 4550, 7350, 5775, 4790, 2820, 1425, 1965, 2625),
(62, 1, 1, 2520, 2160, 2160, 2880, 2720, 2680, 1980, 2340, 3405, 4105, 2160, 5175),
(62, 1, 1, 0, 0, 0, 0, 0, 0, 0, 0, 0, 0, 0, 0),
(62, 1, 1, 3150, 3850, 3500, 3500, 3850, 3675, 7000, 5250, 0, 350, 0, 700),
(63, 18, 6, 0, 0, 0, 0, 0, 0, 0, 0, 0, 0, 0, 0),
(63, 18, 6, 0, 0, 0, 0, 0, 0, 0, 0, 0, 0, 0, 0),
(63, 18, 6, 0, 0, 0, 0, 0, 0, 0, 0, 0, 0, 0, 0),
(63, 18, 6, 0, 0, 0, 0, 0, 0, 0, 0, 0, 0, 0, 0),
(64, 18, 6, 0, 0, 0, 0, 0, 0, 0, 0, 0, 0, 0, 0),
(64, 18, 6, 0, 0, 0, 0, 0, 0, 0, 0, 0, 0, 0, 0),
(64, 18, 6, 0, 0, 0, 0, 0, 0, 0, 0, 0, 0, 0, 0),
(64, 18, 6, 0, 0, 0, 0, 0, 0, 0, 0, 0, 0, 0, 0),
(65, 18, 6, 0, 0, 0, 0, 0, 0, 0, 0, 0, 0, 0, 0),
(65, 18, 6, 0, 0, 0, 0, 0, 0, 0, 0, 0, 0, 0, 0),
(65, 18, 6, 0, 0, 0, 0, 0, 0, 0, 0, 0, 0, 0, 0),
(65, 18, 6, 0, 0, 0, 0, 0, 0, 0, 0, 0, 0, 0, 0),
(66, 18, 6, 0, 0, 0, 0, 0, 0, 0, 0, 0, 0, 0, 0),
(66, 18, 6, 0, 0, 0, 0, 0, 0, 0, 0, 0, 0, 0, 0),
(66, 18, 6, 0, 0, 0, 0, 0, 0, 0, 0, 0, 0, 0, 0),
(66, 18, 6, 0, 0, 0, 0, 0, 0, 0, 0, 0, 0, 0, 0),
(67, 18, 6, 0, 0, 0, 0, 0, 0, 0, 0, 0, 0, 0, 0),
(67, 18, 6, 0, 0, 0, 0, 0, 0, 0, 0, 0, 0, 0, 0),
(67, 18, 6, 0, 0, 0, 0, 0, 0, 0, 0, 0, 0, 0, 0),
(67, 18, 6, 0, 0, 0, 0, 0, 0, 0, 0, 0, 0, 0, 0),
(68, 18, 6, 0, 0, 0, 0, 0, 0, 0, 0, 0, 0, 0, 0),
(68, 18, 6, 0, 0, 0, 0, 0, 0, 0, 0, 0, 0, 0, 0),
(68, 18, 6, 0, 0, 0, 0, 0, 0, 0, 0, 0, 0, 0, 0),
(68, 18, 6, 0, 0, 0, 0, 0, 0, 0, 0, 0, 0, 0, 0),
(69, 19, 6, 0, 0, 0, 0, 0, 0, 0, 0, 0, 0, 0, 0),
(69, 19, 6, 0, 0, 0, 0, 0, 0, 0, 0, 0, 0, 0, 0),
(69, 19, 6, 0, 0, 0, 0, 0, 0, 0, 0, 0, 0, 0, 0),
(69, 19, 6, 0, 0, 0, 0, 0, 0, 0, 0, 0, 0, 0, 0),
(70, 19, 6, 0, 0, 0, 0, 0, 0, 0, 0, 0, 0, 0, 0),
(70, 19, 6, 0, 0, 0, 0, 0, 0, 0, 0, 0, 0, 0, 0),
(70, 19, 6, 0, 0, 0, 0, 0, 0, 0, 0, 0, 0, 0, 0),
(70, 19, 6, 0, 0, 0, 0, 0, 0, 0, 0, 0, 0, 0, 0),
(71, 19, 6, 0, 0, 0, 0, 0, 0, 0, 0, 0, 0, 0, 0),
(71, 19, 6, 0, 0, 0, 0, 0, 0, 0, 0, 0, 0, 0, 0),
(71, 19, 6, 0, 0, 0, 0, 0, 0, 0, 0, 0, 0, 0, 0),
(71, 19, 6, 0, 0, 0, 0, 0, 0, 0, 0, 0, 0, 0, 0),
(72, 19, 6, 0, 0, 0, 0, 0, 0, 0, 0, 0, 0, 0, 0),
(72, 19, 6, 0, 0, 0, 0, 0, 0, 0, 0, 0, 0, 0, 0),
(72, 19, 6, 0, 0, 0, 0, 0, 0, 0, 0, 0, 0, 0, 0),
(72, 19, 6, 0, 0, 0, 0, 0, 0, 0, 0, 0, 0, 0, 0),
(73, 19, 6, 0, 0, 0, 0, 0, 0, 0, 0, 0, 0, 0, 0),
(73, 19, 6, 0, 0, 0, 0, 0, 0, 0, 0, 0, 0, 0, 0),
(73, 19, 6, 0, 0, 0, 0, 0, 0, 0, 0, 0, 0, 0, 0),
(73, 19, 6, 0, 0, 0, 0, 0, 0, 0, 0, 0, 0, 0, 0),
(74, 20, 6, 0, 0, 0, 0, 0, 0, 0, 0, 0, 0, 0, 0),
(74, 20, 6, 0, 0, 0, 0, 0, 0, 0, 0, 0, 0, 0, 0),
(74, 20, 6, 0, 0, 0, 0, 0, 0, 0, 0, 0, 0, 0, 0),
(74, 20, 6, 0, 0, 0, 0, 0, 0, 0, 0, 0, 0, 0, 0),
(75, 20, 6, 0, 0, 0, 0, 0, 0, 0, 0, 0, 0, 0, 0),
(75, 20, 6, 0, 0, 0, 0, 0, 0, 0, 0, 0, 0, 0, 0),
(75, 20, 6, 0, 0, 0, 0, 0, 0, 0, 0, 0, 0, 0, 0),
(75, 20, 6, 0, 0, 0, 0, 0, 0, 0, 0, 0, 0, 0, 0),
(76, 20, 6, 0, 0, 0, 0, 0, 0, 0, 0, 0, 0, 0, 0),
(76, 20, 6, 0, 0, 0, 0, 0, 0, 0, 0, 0, 0, 0, 0),
(76, 20, 6, 0, 0, 0, 0, 0, 0, 0, 0, 0, 0, 0, 0),
(76, 20, 6, 0, 0, 0, 0, 0, 0, 0, 0, 0, 0, 0, 0),
(77, 20, 6, 0, 0, 0, 0, 0, 0, 0, 0, 0, 0, 0, 0),
(77, 20, 6, 0, 0, 0, 0, 0, 0, 0, 0, 0, 0, 0, 0),
(77, 20, 6, 0, 0, 0, 0, 0, 0, 0, 0, 0, 0, 0, 0),
(77, 20, 6, 0, 0, 0, 0, 0, 0, 0, 0, 0, 0, 0, 0),
(78, 20, 6, 0, 0, 0, 0, 0, 0, 0, 0, 0, 0, 0, 0),
(78, 20, 6, 0, 0, 0, 0, 0, 0, 0, 0, 0, 0, 0, 0),
(78, 20, 6, 0, 0, 0, 0, 0, 0, 0, 0, 0, 0, 0, 0),
(78, 20, 6, 0, 0, 0, 0, 0, 0, 0, 0, 0, 0, 0, 0),
(79, 20, 6, 0, 0, 0, 0, 0, 0, 0, 0, 0, 0, 0, 0),
(79, 20, 6, 0, 0, 0, 0, 0, 0, 0, 0, 0, 0, 0, 0),
(79, 20, 6, 0, 0, 0, 0, 0, 0, 0, 0, 0, 0, 0, 0),
(79, 20, 6, 0, 0, 0, 0, 0, 0, 0, 0, 0, 0, 0, 0),
(80, 20, 6, 0, 0, 0, 0, 0, 0, 0, 0, 0, 0, 0, 0),
(80, 20, 6, 0, 0, 0, 0, 0, 0, 0, 0, 0, 0, 0, 0),
(80, 20, 6, 0, 0, 0, 0, 0, 0, 0, 0, 0, 0, 0, 0),
(80, 20, 6, 0, 0, 0, 0, 0, 0, 0, 0, 0, 0, 0, 0),
(81, 20, 6, 0, 0, 0, 0, 0, 0, 0, 0, 0, 0, 0, 0),
(81, 20, 6, 0, 0, 0, 0, 0, 0, 0, 0, 0, 0, 0, 0),
(81, 20, 6, 0, 0, 0, 0, 0, 0, 0, 0, 0, 0, 0, 0),
(81, 20, 6, 0, 0, 0, 0, 0, 0, 0, 0, 0, 0, 0, 0),
(82, 20, 6, 0, 0, 0, 0, 0, 0, 0, 0, 0, 0, 0, 0),
(82, 20, 6, 0, 0, 0, 0, 0, 0, 0, 0, 0, 0, 0, 0),
(82, 20, 6, 0, 0, 0, 0, 0, 0, 0, 0, 0, 0, 0, 0),
(82, 20, 6, 0, 0, 0, 0, 0, 0, 0, 0, 0, 0, 0, 0),
(83, 20, 6, 0, 0, 0, 0, 0, 0, 0, 0, 0, 0, 0, 0),
(83, 20, 6, 0, 0, 0, 0, 0, 0, 0, 0, 0, 0, 0, 0),
(83, 20, 6, 0, 0, 0, 0, 0, 0, 0, 0, 0, 0, 0, 0),
(83, 20, 6, 0, 0, 0, 0, 0, 0, 0, 0, 0, 0, 0, 0),
(84, 20, 6, 0, 0, 0, 0, 0, 0, 0, 0, 0, 0, 0, 0),
(84, 20, 6, 0, 0, 0, 0, 0, 0, 0, 0, 0, 0, 0, 0),
(84, 20, 6, 0, 0, 0, 0, 0, 0, 0, 0, 0, 0, 0, 0),
(84, 20, 6, 0, 0, 0, 0, 0, 0, 0, 0, 0, 0, 0, 0),
(85, 21, 6, 0, 0, 0, 0, 0, 0, 0, 0, 0, 0, 0, 0),
(85, 21, 6, 0, 0, 0, 0, 0, 0, 0, 0, 0, 0, 0, 0),
(85, 21, 6, 0, 0, 0, 0, 0, 0, 0, 0, 0, 0, 0, 0),
(85, 21, 6, 0, 0, 0, 0, 0, 0, 0, 0, 0, 0, 0, 0),
(86, 21, 6, 0, 0, 0, 0, 0, 0, 0, 0, 0, 0, 0, 0),
(86, 21, 6, 0, 0, 0, 0, 0, 0, 0, 0, 0, 0, 0, 0),
(86, 21, 6, 0, 0, 0, 0, 0, 0, 0, 0, 0, 0, 0, 0),
(86, 21, 6, 0, 0, 0, 0, 0, 0, 0, 0, 0, 0, 0, 0),
(87, 21, 6, 0, 0, 0, 0, 0, 0, 0, 0, 0, 0, 0, 0),
(87, 21, 6, 0, 0, 0, 0, 0, 0, 0, 0, 0, 0, 0, 0),
(87, 21, 6, 0, 0, 0, 0, 0, 0, 0, 0, 0, 0, 0, 0),
(87, 21, 6, 0, 0, 0, 0, 0, 0, 0, 0, 0, 0, 0, 0),
(88, 21, 6, 0, 0, 0, 0, 0, 0, 0, 0, 0, 0, 0, 0),
(88, 21, 6, 0, 0, 0, 0, 0, 0, 0, 0, 0, 0, 0, 0),
(88, 21, 6, 0, 0, 0, 0, 0, 0, 0, 0, 0, 0, 0, 0),
(88, 21, 6, 0, 0, 0, 0, 0, 0, 0, 0, 0, 0, 0, 0),
(89, 21, 6, 0, 0, 0, 0, 0, 0, 0, 0, 0, 0, 0, 0),
(89, 21, 6, 0, 0, 0, 0, 0, 0, 0, 0, 0, 0, 0, 0),
(89, 21, 6, 0, 0, 0, 0, 0, 0, 0, 0, 0, 0, 0, 0),
(89, 21, 6, 0, 0, 0, 0, 0, 0, 0, 0, 0, 0, 0, 0),
(90, 21, 6, 0, 0, 0, 0, 0, 0, 0, 0, 0, 0, 0, 0),
(90, 21, 6, 0, 0, 0, 0, 0, 0, 0, 0, 0, 0, 0, 0),
(90, 21, 6, 0, 0, 0, 0, 0, 0, 0, 0, 0, 0, 0, 0),
(90, 21, 6, 0, 0, 0, 0, 0, 0, 0, 0, 0, 0, 0, 0);

-- --------------------------------------------------------

--
-- Estructura de tabla para la tabla `usuarios`
--

CREATE TABLE `usuarios` (
  `cod_usuario` int(10) UNSIGNED NOT NULL,
  `nombre` varchar(40) NOT NULL,
  `email` varchar(100) NOT NULL,
  `usuario` varchar(15) NOT NULL,
  `password` varchar(20) NOT NULL,
  `tipo_usuario` varchar(20) NOT NULL,
  `tokenCode` varchar(100) NOT NULL
) ENGINE=InnoDB DEFAULT CHARSET=latin1;

--
-- Volcado de datos para la tabla `usuarios`
--

INSERT INTO `usuarios` (`cod_usuario`, `nombre`, `email`, `usuario`, `password`, `tipo_usuario`, `tokenCode`) VALUES
(2, 'Alejandro Vaicilla', 'merazo14@hotmail.com', 'alejo', 'funebrero14', 'usuario', 'a4e71a92163c1a2ea673a0bfaa56384f'),
(3, 'Miguel Erazo', 'miguele@nipromed.com', 'miguel', 'Funebrero14', 'administrador', '1c587d42af4bda5b87799ac2aadf9fdc');

--
-- Índices para tablas volcadas
--

--
-- Indices de la tabla `reporte_usuario`
--
ALTER TABLE `reporte_usuario`
  ADD PRIMARY KEY (`id`);

--
-- Indices de la tabla `tb_forecast`
--
ALTER TABLE `tb_forecast`
  ADD PRIMARY KEY (`id_sub_producto`);

--
-- Indices de la tabla `tb_importacion`
--
ALTER TABLE `tb_importacion`
  ADD PRIMARY KEY (`id_sub_producto`);

--
-- Indices de la tabla `tb_info_general`
--
ALTER TABLE `tb_info_general`
  ADD PRIMARY KEY (`id_sub_producto`),
  ADD UNIQUE KEY `id_sub_producto` (`id_sub_producto`);

--
-- Indices de la tabla `tb_lineas`
--
ALTER TABLE `tb_lineas`
  ADD PRIMARY KEY (`id_linea`);

--
-- Indices de la tabla `tb_productos_nuevos`
--
ALTER TABLE `tb_productos_nuevos`
  ADD PRIMARY KEY (`id_producto`);

--
-- Indices de la tabla `tb_stock`
--
ALTER TABLE `tb_stock`
  ADD PRIMARY KEY (`id_sub_producto`);

--
-- Indices de la tabla `tb_sub_productos_nuevos`
--
ALTER TABLE `tb_sub_productos_nuevos`
  ADD PRIMARY KEY (`id_sub_producto`);

--
-- Indices de la tabla `usuarios`
--
ALTER TABLE `usuarios`
  ADD PRIMARY KEY (`cod_usuario`),
  ADD UNIQUE KEY `usuario` (`usuario`);

--
-- AUTO_INCREMENT de las tablas volcadas
--

--
-- AUTO_INCREMENT de la tabla `reporte_usuario`
--
ALTER TABLE `reporte_usuario`
  MODIFY `id` int(11) NOT NULL AUTO_INCREMENT, AUTO_INCREMENT=397;

--
-- AUTO_INCREMENT de la tabla `tb_forecast`
--
ALTER TABLE `tb_forecast`
  MODIFY `id_sub_producto` int(10) NOT NULL AUTO_INCREMENT, AUTO_INCREMENT=91;

--
-- AUTO_INCREMENT de la tabla `tb_importacion`
--
ALTER TABLE `tb_importacion`
  MODIFY `id_sub_producto` int(11) NOT NULL AUTO_INCREMENT, AUTO_INCREMENT=91;

--
-- AUTO_INCREMENT de la tabla `tb_lineas`
--
ALTER TABLE `tb_lineas`
  MODIFY `id_linea` int(11) NOT NULL AUTO_INCREMENT, AUTO_INCREMENT=7;

--
-- AUTO_INCREMENT de la tabla `tb_productos_nuevos`
--
ALTER TABLE `tb_productos_nuevos`
  MODIFY `id_producto` int(11) NOT NULL AUTO_INCREMENT, AUTO_INCREMENT=22;

--
-- AUTO_INCREMENT de la tabla `tb_stock`
--
ALTER TABLE `tb_stock`
  MODIFY `id_sub_producto` int(10) NOT NULL AUTO_INCREMENT, AUTO_INCREMENT=91;

--
-- AUTO_INCREMENT de la tabla `tb_sub_productos_nuevos`
--
ALTER TABLE `tb_sub_productos_nuevos`
  MODIFY `id_sub_producto` int(10) NOT NULL AUTO_INCREMENT, AUTO_INCREMENT=91;

--
-- AUTO_INCREMENT de la tabla `usuarios`
--
ALTER TABLE `usuarios`
  MODIFY `cod_usuario` int(10) UNSIGNED NOT NULL AUTO_INCREMENT, AUTO_INCREMENT=21;
COMMIT;

/*!40101 SET CHARACTER_SET_CLIENT=@OLD_CHARACTER_SET_CLIENT */;
/*!40101 SET CHARACTER_SET_RESULTS=@OLD_CHARACTER_SET_RESULTS */;
/*!40101 SET COLLATION_CONNECTION=@OLD_COLLATION_CONNECTION */;
